,Unnamed: 0,KIC,Porb,Class,PACF,hACF,P1min,P1max,P2min,P2max,h1min,h1max,h2min,h2max,Note,KID,BJD,Per,Type,Kmag,Teff,log(g),E(B-V),Crowd,T2/T1,q,F,r1+r2,esinw,ecosw,sini,ecc,porb_prot
0,0,1026032,8.46,sp,10.932,0.588,10.778,11.162,,,0.06,0.078,,,,1026032.0,54699.7783,8.46145,D,14.813,5715,4.819,0.107,0.266,0.71051,,,0.09875,0.08985,0.08655,0.99628,0.1247554608023232,0.773874862788145
16,16,2162994,4.102,sp,4.066,0.324,4.054,4.108,4.195,,0.034,0.026,0.03,,,2162994.0,55002.54682,4.102,D,14.162,5410,4.532,0.099,0.189,0.84887,,,0.19607,-0.07089,0.02648,0.99799,0.07567418648389951,1.0088539104771275
21,21,2306740,10.307,sp,0.695,0.168,0.733,0.734,,,0.076,0.065,,,,2306740.0,54987.04215,10.30397,D,13.545,5647,4.228,0.117,0.241,0.83383,,,0.14294,-0.13547,0.0872,0.99882,0.16110853763845043,14.830215827338131
26,26,2309587,1.839,sp,1.839,1.036,,,,,,,,,,2309587.0,55001.8758,1.83907,D,13.925,5560,4.325,0.118,0.23,0.40244,,,0.28146,-0.04114,-0.00249,0.97246,0.041215284786108176,1.0
39,39,2445134,8.412,sp,8.153,0.174,,,,,,,,,,2445134.0,55006.30016,8.4104,D,13.551,5999,4.247,0.129,0.294,0.69141,,,0.09874,0.0588,0.07703,0.99414,0.09690748629491945,1.0317674475653134
42,42,2447893,0.662,sp,0.654,0.732,0.659,0.66,0.661,0.662,0.156,0.073,0.125,0.135,,2447893.0,55002.82864,0.66164,D,14.49,5059,4.447,0.101,0.516,0.98375,,,0.48475,0.09622,0.01489,0.95067,0.09736529412475474,1.0122324159021407
47,47,2557430,1.298,sp,1.308,0.405,,,,,,,,,,2557430.0,55002.48471,1.29777,D,11.471,6248,4.103,0.077,0.001,0.94675,,,0.31525,0.07068,0.00477,0.99167,0.07084077427583638,0.9923547400611621
53,53,2580872,15.927,sp,14.344,1.253,14.077,15.031,,,0.098,0.104,,,,2580872.0,54978.5516,15.9363,D,14.88,5293,4.471,0.124,0.226,0.54572,,,0.24312,-0.43533,0.37328,0.99086,0.5734545904428702,1.1103597322922476
59,59,2711114,2.859,sp,2.84,1.059,2.831,2.85,,,0.08,0.136,,,,2711114.0,55001.50339,2.8607,D,12.335,6281,4.214,0.098,0.465,0.99774,,,0.05998,-0.39049,0.3742,0.81211,0.5408401613231029,1.0066901408450704
63,63,2719873,17.279,sp,28.096,0.5,26.204,29.867,,,0.045,0.042,,,,2719873.0,54968.27734,17.2795,D,15.16,5086,4.625,0.109,0.298,0.73573,,,0.06335,0.41256,0.03735,0.99375,0.41424724030462773,0.6149985763097949
68,68,2852560,11.961,sp,7.581,0.432,7.152,7.629,9.763,10.844,0.015,0.021,0.015,0.018,,2852560.0,54964.91675,11.96107,D,15.308,5381,4.975,0.093,0.361,0.91149,,,0.0686,0.1715,0.3181,0.9971,0.36138602629321465,1.5777601899485556
72,72,2860788,5.26,sp,5.088,1.275,4.996,5.08,5.289,,0.104,0.059,0.189,,,2860788.0,54965.0683,5.25896,D,14.043,5319,4.383,0.105,0.441,0.97025,,,0.11818,-0.43924,0.45157,0.98998,0.6299581275767462,1.0338050314465408
80,80,2997455,1.13,sp,1.124,0.652,1.127,1.131,,,0.062,0.084,,,,2997455.0,54973.82665,1.12995,D,13.8,4795,3.167,0.209,0.143,0.73672,,,0.28566,-0.25669,0.40472,0.99612,0.4792577954504236,1.0053380782918147
82,82,3003991,7.245,sp,9.563,0.493,,,,,,,,,,3003991.0,54964.857,7.24458,D,13.926,5366,4.657,0.08,0.699,0.71687,,,0.07689,-0.00133,-0.30615,0.99599,0.306152888929698,0.7576074453623339
86,86,3102024,13.783,sp,4.884,0.803,,,,,,,,,,3102024.0,54958.69922,13.78211,D,12.809,5117,4.592,0.047,0.163,0.78541,,,0.09399,0.08563,0.11524,0.99703,0.143571426474769,2.822072072072072
90,90,3115480,3.694,sp,3.617,1.198,,,,,,,,,,3115480.0,54968.19531,3.69336,D,14.469,5961,4.737,0.111,0.072,0.5767,,,0.11899,-0.2022,0.46995,1.00134,0.5116032080626547,1.0212883605197678
92,92,3120320,10.266,sp,13.261,0.782,12.473,13.67,14.389,14.617,0.028,0.032,0.031,0.043,,3120320.0,54959.22266,10.2666,D,10.885,5676,4.497,0.033,0.015,0.77912,,,0.10367,0.16975,0.02828,0.99619,0.17208957231627953,0.7741497624613529
93,93,3122985,0.993,sp,1.471,1.416,1.453,1.465,1.497,1.504,0.02,0.043,0.092,0.056,,3122985.0,54971.56262,1.98734,D,14.701,5592,4.267,0.159,0.246,0.93091,,,0.11717,0.04428,0.30571,0.98015,0.3089001820977126,0.6750509857239972
97,97,3128793,24.679,sp,66.307,0.986,,,,,,,,,,3128793.0,54970.7868,24.74841,D,14.633,4371,4.466,0.062,0.186,1.04195,,,-0.00857,-0.57467,-0.54499,0.99008,0.7919972910307207,0.37219298113321364
103,103,3230787,17.734,sp,12.158,0.668,11.873,12.962,,,0.089,0.038,,,,3230787.0,54959.1875,35.464,D,12.553,5669,4.429,0.068,0.012,0.86394,,,0.03296,-0.00767,0.05014,0.99704,0.050723254035994175,1.4586280638262874
107,107,3241344,3.913,sp,3.944,1.066,3.937,3.951,,,0.165,0.101,,,,3241344.0,54966.4305,3.91246,D,14.756,5422,4.502,0.125,0.305,0.735,,,0.12341,-0.0828,0.41289,0.99769,0.4211104274415441,0.9921399594320487
108,108,3241619,1.703,sp,1.676,1.0,,,,,,,,,,3241619.0,54965.47266,1.70312,D,12.524,5165,4.654,0.041,0.012,0.74894,,,0.26379,0.11344,-0.00377,0.99455,0.11350262772288577,1.016109785202864
114,114,3335816,7.422,sp,8.153,0.967,,,,,,,,,,3335816.0,54954.35547,7.42188,D,12.084,6079,4.254,0.079,0.181,0.90115,,,0.08675,0.00629,0.40395,0.99782,0.40399896856303974,0.9103397522384398
116,116,3339538,14.658,sp,13.915,1.054,13.565,14.46,,,0.068,0.112,,,,3339538.0,54973.4805,14.65234,D,13.391,4955,4.177,0.082,0.015,0.72528,,,0.05376,0.37833,-0.40882,1.01197,0.5570165000249094,1.0533956162414662
125,125,3351945,1.081,sp,1.083,1.204,1.078,1.084,,,0.194,0.127,,,,3351945.0,55002.06413,1.08053,D,14.734,4744,4.222,0.114,0.184,0.37711,,,0.52027,-0.10236,0.32101,0.94728,0.33693469649176827,0.9981532779316713
128,128,3427776,4.017,sp,4.025,1.511,,,,,,,,,,3427776.0,55003.38967,4.01626,D,15.371,5292,4.441,0.131,0.224,0.44682,,,0.11911,-0.14311,0.39036,0.97885,0.41576604202363615,0.9980124223602485
138,138,3443790,1.666,sp,5.211,0.451,4.811,4.969,5.178,5.289,0.005,0.007,0.007,0.012,,3443790.0,55001.84708,1.66582,D,11.84,6024,4.337,0.066,0.022,0.58017,,,0.19308,-0.00395,0.06889,0.99702,0.06900314920349651,0.319708309345615
140,140,3449540,3.212,sp,3.188,0.373,3.234,3.244,,,0.032,0.06,0.016,0.016,,3449540.0,55002.42799,3.21065,D,14.194,6216,4.614,0.126,0.149,0.91383,,,0.19554,-0.06236,0.02586,0.99829,0.06750932676304809,1.0075282308657465
142,142,3458919,0.892,sp,0.899,0.576,0.889,0.896,,,0.077,0.049,,,,3458919.0,55002.28498,0.89205,D,13.815,5063,4.505,0.078,0.023,0.5952,,,0.21194,-0.43738,-0.45542,0.98055,0.6314337976383589,0.9922135706340378
146,146,3542573,6.943,sp,7.233,1.176,7.1,7.463,,,0.05,0.042,,,,3542573.0,54994.52292,6.94243,D,12.161,5741,4.094,0.084,0.008,0.95026,,,0.10316,0.06865,-0.03923,0.99484,0.07906842226831139,0.9599059864509886
147,147,3543270,4.177,sp,4.107,1.524,4.077,4.093,4.186,,0.308,0.256,0.164,,,3543270.0,55003.81095,4.18063,D,15.22,5288,4.79,0.102,0.146,0.90895,,,0.17109,-0.40481,0.44011,0.99604,0.5979698555947449,1.017044071098125
162,162,3656322,3.664,sp,3.617,1.247,,,,,,,,,,3656322.0,55004.02259,3.66362,D,13.061,5075,3.677,0.136,0.033,0.68634,,,0.27772,-0.5367,-0.4532,0.9795,0.7024508025477656,1.0129941940834946
163,163,3659940,0.896,sp,0.899,1.265,0.888,0.89,0.895,0.9,0.066,0.104,0.075,0.063,,3659940.0,54994.24358,0.89623,D,15.261,5344,4.49,0.146,0.405,0.64501,,,0.28874,-0.31831,0.48793,0.97339,0.5825778411508629,0.996662958843159
164,164,3662635,0.939,sp,0.94,0.956,0.929,0.935,0.938,0.944,0.045,0.075,0.038,0.043,,3662635.0,54965.0231,0.93917,D,14.904,5589,4.353,0.165,0.282,0.4098,,,0.42097,-0.24286,-0.36833,0.963,0.4411892660752299,0.9989361702127659
172,172,3749508,1.066,sp,1.063,1.435,1.062,1.066,,,0.091,0.249,,,,3749508.0,54965.57239,1.06556,D,13.151,5961,4.203,0.116,0.055,0.39777,,,0.33269,-0.2148,-0.37215,0.99526,0.4296913572554142,1.0028222013170274
182,182,3834364,2.908,sp,2.922,1.563,2.898,2.923,,,0.198,0.145,,,,3834364.0,54965.3125,2.90838,D,14.661,5449,4.5,0.109,0.481,0.86574,,,0.14981,0.07304,0.4182,1.00421,0.4245304248225326,0.9952087611225188
187,187,3848919,1.047,sp,1.042,0.747,1.04,1.043,1.047,1.048,0.053,0.06,0.11,0.049,,3848919.0,54964.7672,1.04717,D,13.901,5226,4.462,0.087,0.234,0.82477,,,0.45159,-0.05698,0.00893,0.9925,0.057675517336214684,1.0047984644913626
210,210,3955867,33.66,sp,33.225,1.52,,,,,,,,,,3955867.0,54994.6211,33.67,D,13.547,4706,3.266,0.171,0.146,0.61373,,,0.42742,0.11803,0.0202,0.92232,0.1197460684114514,1.0130925507900677
212,212,3957477,0.979,sp,0.981,0.882,0.969,0.972,0.998,0.999,0.062,0.108,0.026,0.033,,3957477.0,54964.72864,0.97882,D,12.477,5395,4.397,0.06,0.052,0.58212,,,0.51123,-0.07838,0.00382,0.95941,0.07847303231046956,0.9979612640163099
214,214,3965242,0.997,sp,1.001,1.163,0.992,0.994,0.996,1.0,0.167,0.077,0.064,0.073,,3965242.0,54964.9131,0.99741,D,14.06,5183,4.438,0.096,0.459,0.99737,,,0.58664,-0.36853,0.35554,0.93649,0.5120771938877966,0.9960039960039961
221,221,3973002,3.984,sp,3.964,0.491,3.932,4.088,,,0.088,0.033,,,,3973002.0,54967.8837,3.9843,D,14.985,5740,4.632,0.141,0.26,0.87737,,,0.14281,-0.02283,0.11456,0.98763,0.11681268124651535,1.0050454086781029
224,224,4035675,2.874,sp,2.861,0.484,,,,,,,,,,4035675.0,54965.58203,2.87393,D,12.702,5480,3.832,0.105,0.89,1.02949,,,-0.00069,-0.48833,-0.38121,0.9973,0.6195056521130377,1.0045438657811954
227,227,4037428,4.265,sp,4.271,1.359,4.189,4.317,,,0.047,0.082,,,,4037428.0,54968.19922,8.52538,D,12.873,5780,4.094,0.1,0.005,1.02685,,,0.37653,-0.3206,0.07213,1.00657,0.32861390247523004,0.9985951767735892
230,230,4044005,17.512,sp,11.831,0.815,11.552,12.811,13.821,14.179,0.039,0.03,0.017,0.014,,4044005.0,54954.7443,17.51172,D,12.336,,,,0.007,0.6833,,,0.2764,0.0344,-0.17927,0.99996,0.18254066094982785,1.480179190262869
231,231,4049124,4.804,sp,5.599,1.266,5.519,5.794,,,0.148,0.047,,,,4049124.0,54969.00616,4.8048,D,14.654,5349,4.56,0.104,0.471,0.69979,,,0.12059,0.05155,-0.06115,0.961,0.07997952863076901,0.8580103589926773
237,237,4069063,0.504,sp,0.511,0.217,,,,,,,,,,4069063.0,55002.71826,0.50428,D,13.318,5905,4.237,0.122,0.304,0.56,,,0.468,-0.18184,0.15985,0.99401,0.24211114823568122,0.9863013698630136
247,247,4078693,2.757,sp,2.554,0.379,2.808,2.826,,,0.04,0.118,0.072,0.072,,4078693.0,55001.84019,2.75369,D,13.485,5288,4.024,0.125,0.011,0.7666,,,0.04152,0.13948,-0.44128,0.99794,0.4627987778721979,1.0794831636648397
257,257,4174507,3.892,sp,3.944,1.139,3.921,3.962,,,0.252,0.236,,,,4174507.0,55001.10126,3.89648,D,15.439,5723,4.524,0.175,0.362,0.7559,,,0.08875,-0.41695,0.48624,0.99248,0.6405284069422682,0.986815415821501
264,264,4252226,21.859,sp,12.281,0.832,11.889,12.644,,,0.038,0.121,,,,4252226.0,54984.26123,21.8638,D,13.916,5650,3.903,0.153,0.012,0.57107,,,0.18784,-0.37475,-0.48872,0.99819,0.615861024014347,1.779903916619168
271,271,4285087,4.486,sp,4.516,0.6,4.524,4.573,4.639,4.747,0.056,0.031,0.041,0.032,,4285087.0,55002.33971,4.48531,D,12.785,5950,4.088,0.122,0.209,0.96382,,,0.14451,0.09448,-0.00379,0.99843,0.09455598606116906,0.9933569530558015
272,272,4346875,4.694,sp,4.924,1.431,4.759,4.867,5.094,,0.068,0.059,0.101,,,4346875.0,55004.31472,4.68919,D,15.584,5339,4.576,0.124,0.026,0.91083,,,0.13454,0.02279,0.38838,1.00124,0.3890480799335732,0.9532900081234768
274,274,4352168,10.644,sp,10.503,1.387,10.188,10.784,,,0.058,0.151,,,,4352168.0,54967.94141,10.64059,D,14.343,5115,4.539,0.085,0.054,0.67727,,,0.08723,0.07573,-0.16247,0.99742,0.17925270932401552,1.0134247357897743
275,275,4357272,2.086,sp,2.064,1.422,2.048,2.061,2.075,2.101,0.139,0.069,0.02,0.042,,4357272.0,54984.78247,2.08626,D,15.455,5117,4.377,0.137,0.093,0.89868,,,0.47989,-0.06158,-0.40994,0.81211,0.4145393829300179,1.010658914728682
276,276,4358206,0.951,sp,0.96,1.278,,,,,,,,,,4358206.0,55002.97213,0.95134,SD,14.038,,,,0.075,0.45406,,,0.60191,-0.25088,0.4256,0.98258,0.49404062019230766,0.990625
286,286,4380283,1.745,sp,1.737,0.671,1.733,1.736,,,0.253,0.118,,,,4380283.0,55002.54693,1.74474,D,14.742,5924,4.392,0.167,0.329,0.9169,,,0.29755,0.02104,0.00272,0.99484,0.02121508896988179,1.0046056419113414
298,298,4480676,1.424,sp,1.41,0.744,1.421,1.422,,,0.104,0.207,,,,4480676.0,55002.81968,0.71205,D,15.469,5296,4.382,0.168,0.285,0.53342,,,0.43142,-0.0011,-0.0075,0.99592,0.007580237463298891,1.0099290780141843
299,299,4484356,1.144,sp,1.144,0.883,,,,,,,,,,4484356.0,55002.78438,1.14416,D,14.235,5080,4.308,0.111,0.179,0.54244,,,0.36689,-0.31619,0.46588,0.9734,0.5630455492231512,1.0
300,300,4540632,31.005,sp,9.42,1.093,9.361,9.676,,,0.134,0.108,,,,4540632.0,54986.86,31.0162,D,14.991,4818,4.078,0.121,0.07,0.81507,,,0.0475,0.37504,-0.35041,0.99981,0.5132661782155532,3.2914012738853504
330,330,4678171,15.289,sp,23.376,0.315,20.287,25.667,33.718,36.607,0.017,0.01,0.006,0.02,,4678171.0,54965.8053,15.29025,D,15.993,4240,4.541,0.087,0.253,0.85945,,,0.04914,0.21799,0.03726,1.00239,0.22115141351571777,0.6540468856947296
335,335,4737267,9.524,sp,9.277,1.355,,,,,,,,,,4737267.0,55001.1725,9.51703,D,15.145,5156,4.236,0.141,0.007,0.89377,,,0.15445,-0.18175,-0.43203,0.99271,0.468703513321588,1.0266249865258166
342,342,4753988,7.304,sp,6.048,0.127,,,,,,,,,b,4753988.0,55004.50926,7.29769,D,14.989,5766,4.583,0.142,0.334,0.71049,,,0.0966,0.11535,0.04185,0.99501,0.12270715138083843,1.2076719576719577
343,343,4757331,2.362,sp,2.35,1.364,2.346,2.382,,,0.17,0.091,,,,4757331.0,55001.75062,2.3635,D,15.725,5092,4.525,0.144,0.253,0.69416,,,0.17174,-0.14828,-0.49427,0.98949,0.516032742468925,1.0051063829787235
347,347,4773155,25.706,sp,20.311,0.298,18.99,21.017,21.775,30.176,0.018,0.018,0.008,0.019,,4773155.0,54989.6406,25.70569,D,13.592,5447,4.485,0.09,0.207,0.78139,,,0.08292,0.0534,0.29333,0.99908,0.29815105047609675,1.265619614986953
351,351,4832197,1.895,sp,1.921,1.459,,,,,,,,,,4832197.0,54965.39184,1.89537,D,11.51,6039,4.182,0.069,0.014,0.95422,,,0.2663,-0.47581,0.34149,0.99738,0.5856710477734067,0.9864653826132223
352,352,4839180,8.853,sp,11.545,0.026,11.029,12.376,,,0.02,0.051,0.035,0.035,,4839180.0,54998.16423,8.84116,D,13.501,6033,4.287,0.124,0.023,0.81239,,,0.10034,0.08664,0.01796,0.99806,0.08848192583799247,0.7668254655695106
353,353,4840263,1.916,sp,1.9,0.822,1.883,1.892,1.911,1.923,0.128,0.07,0.022,0.03,,4840263.0,55002.76982,1.916,D,13.988,5725,4.142,0.145,0.111,0.55409,,,0.27598,-0.03983,0.01942,0.97803,0.04431213490681756,1.0084210526315789
355,355,4840818,10.05,sp,13.098,0.682,12.644,13.735,,,0.054,0.143,,,,4840818.0,54966.12073,10.04926,D,14.355,6113,4.449,0.145,0.031,0.8241,,,0.09231,0.10663,0.1808,0.99844,0.20990139804203306,0.7672927164452589
365,365,4862625,20.0,sp,2.616,0.907,,,,,,,,,,4862625.0,54967.8213,19.98435,D,13.718,6149,4.658,0.107,0.163,0.95325,,,0.01519,-0.27253,0.57817,0.99733,0.6391816250487806,7.6452599388379205
366,366,4902030,1.758,sp,1.757,0.607,1.738,1.759,,,0.05,0.129,,,,4902030.0,54995.14511,1.75757,D,15.929,4235,4.525,0.076,0.336,0.93414,,,0.19665,0.07178,0.15906,0.9985,0.17450630934152497,1.0005691519635744
367,367,4908495,3.12,sp,3.085,1.496,,,,,,,,,,4908495.0,54965.36719,3.12032,D,13.871,4731,4.449,0.06,0.045,1.00062,,,0.09177,-0.34234,-0.35775,1.00274,0.49515829600239963,1.0113452188006484
371,371,4912991,4.443,sp,4.209,1.21,4.14,4.228,4.297,4.354,0.027,0.031,0.072,0.043,,4912991.0,54971.05078,8.88672,D,11.297,6032,4.242,0.057,0.422,0.96604,,,0.03802,0.09576,0.04025,0.81211,0.10387511780980083,1.0555951532430505
374,374,4931073,26.951,sp,26.686,0.011,,,,,,,,,b,4931073.0,54956.9756,26.95107,D,11.957,6453,4.249,0.089,0.046,0.8146,,,0.04463,0.29949,-0.33576,1.0069,0.44992114609117895,1.0099303005321143
382,382,4940201,8.817,sp,10.646,0.467,10.296,11.049,,,0.081,0.039,,,,4940201.0,55002.52192,8.80437,D,14.984,5284,4.61,0.117,0.253,0.6843,,,0.08575,0.04157,-0.03394,0.9965,0.05366552431496407,0.8281983843697163
390,390,4947726,4.726,sp,4.495,1.025,4.401,4.607,,,0.029,0.03,,,,4947726.0,54965.9164,4.72754,D,15.181,5638,4.789,0.128,0.296,0.66817,,,0.14336,0.0487,0.09343,0.99384,0.10536059462626432,1.0513904338153504
391,391,4948863,8.644,sp,8.439,0.562,,,,,,,,,,4948863.0,54972.8291,8.64331,D,15.414,5490,4.745,0.136,0.48,0.76796,,,0.07106,0.16864,0.10525,1.00126,0.1987888631186365,1.024291977722479
394,394,4990977,2.649,sp,2.636,1.314,,,,,,,,,,4990977.0,55003.47334,2.64957,D,13.87,5597,4.345,0.1,0.001,0.90354,,,0.0998,-0.30661,-0.5424,0.99612,0.6230629599807711,1.0049317147192716
404,404,5016163,5.246,sp,5.149,0.253,5.213,5.324,,,0.044,0.037,0.015,0.015,,5016163.0,55001.57473,5.24521,D,15.768,6017,4.627,0.18,0.07,0.97942,,,0.1827,0.01489,0.00875,0.99876,0.01727062824566611,1.018838609438726
410,410,5022440,3.694,sp,3.821,1.309,3.603,3.734,4.0,4.136,0.016,0.022,0.045,0.042,,5022440.0,55003.56158,3.69554,D,15.286,5719,4.754,0.135,0.049,0.81515,,,0.10403,-0.30073,0.43501,0.97954,0.5288404608197069,0.9667626275844019
416,416,5025294,5.463,sp,3.433,1.013,,,,,,,,,,5025294.0,54967.2681,5.46261,D,13.266,5697,4.494,0.087,0.164,0.9488,,,0.11876,0.15087,0.39025,0.9987,0.41839791992790787,1.5913195455869502
418,418,5036538,2.122,sp,2.125,1.237,,,,,,,,,,5036538.0,55001.58623,2.12114,D,13.349,4199,4.438,0.032,0.402,0.5964,,,0.15713,-0.37615,0.47682,0.99925,0.6073270411401093,0.9985882352941176
420,420,5039441,2.151,sp,2.186,0.637,,,,,,,,,,5039441.0,54966.1119,2.15132,D,12.916,5943,4.192,0.118,0.051,0.6083,,,0.24627,0.0191,0.0058,0.99241,0.019961212388028938,0.9839890210430009
427,427,5080652,4.144,sp,4.536,0.852,4.693,4.75,,,0.333,0.112,,,,5080652.0,55001.34618,4.14608,D,15.08,5344,4.858,0.087,0.096,0.86723,,,0.1584,0.06581,-0.39252,0.99797,0.3979986262539106,0.9135802469135803
430,430,5091614,21.142,sp,21.128,0.52,20.101,22.33,,,0.028,0.044,,,,5091614.0,54971.3931,21.13917,D,14.083,5820,4.491,0.11,0.056,0.80175,,,0.0663,0.48046,0.04718,0.87373,0.48277092290236373,1.0006626277925028
451,451,5181455,5.58,sp,5.844,1.21,5.476,5.589,5.722,6.222,0.02,0.05,0.027,0.029,,5181455.0,54966.55469,5.58038,D,15.473,5875,4.428,0.167,0.116,0.83768,,,0.08805,0.03923,0.40272,0.97778,0.4046262365442953,0.9548254620123203
453,453,5193386,21.378,sp,25.767,1.228,25.554,27.349,,,0.418,0.14,,,,5193386.0,54980.2072,21.37126,D,13.998,4797,4.591,0.061,0.03,0.40252,,,0.19543,-0.20903,-0.38083,0.99687,0.4344249415031324,0.8296658516707417
461,461,5216727,1.513,sp,1.512,0.948,1.501,1.513,,,0.066,0.047,,,,5216727.0,55002.74669,1.51285,D,13.448,5932,4.201,0.138,0.132,0.55704,,,0.28542,-0.0721,-0.12908,0.95946,0.14785146735829172,1.0006613756613756
472,472,5269407,0.959,sp,0.96,0.603,0.95,0.954,0.957,0.963,0.032,0.041,0.019,0.018,,5269407.0,55002.08661,0.9588,D,14.164,5307,4.332,0.106,0.083,0.51059,,,0.44618,-0.00928,0.0285,0.98073,0.029972794330859445,0.9989583333333333
480,480,5288543,3.457,sp,3.372,0.053,3.453,3.465,,,0.024,0.009,0.012,0.012,,5288543.0,55002.84411,3.4572,D,13.585,,,,0.158,0.78083,,,0.21119,0.01232,0.02795,0.99537,0.030544801521699236,1.0252075919335706
485,485,5300878,1.279,sp,1.267,1.117,1.274,1.279,,,0.118,0.361,,,,5300878.0,55002.59529,1.2794,D,14.767,4631,4.106,0.127,0.488,0.95443,,,0.28858,0.06778,-0.00651,0.99649,0.06809191214821332,1.0094711917916337
492,492,5343976,4.331,sp,4.414,1.189,,,,,,,,,,5343976.0,55006.70748,4.33106,D,12.612,,,,0.012,0.87777,,,0.15586,0.23563,-0.38116,0.99717,0.44811208698271016,0.9811961939284097
494,494,5347784,9.584,sp,10.319,1.256,10.112,10.278,11.141,11.263,0.159,0.118,0.099,0.039,,5347784.0,55000.64087,9.6,D,13.094,5392,3.789,0.12,0.046,0.61223,,,0.05874,-0.43014,-0.44389,0.99439,0.6181090127962866,0.9287721678457214
501,501,5359678,6.231,sp,6.212,0.527,6.236,6.39,,,0.092,0.044,,,,5359678.0,55003.51942,6.2305,D,14.154,6159,4.659,0.112,0.026,0.89583,,,0.11629,0.04633,0.02603,0.98255,0.05314160140605475,1.003058596265293
514,514,5393558,10.217,sp,9.543,1.088,9.437,9.917,,,0.047,0.067,,,,5393558.0,54970.248,10.21729,D,13.752,5676,4.197,0.14,0.714,0.87939,,,0.06758,-0.13257,0.40249,0.99951,0.4237605514910514,1.0706276852142933
521,521,5450814,6.488,sp,6.702,1.519,,,,,,,,,,5450814.0,54996.57583,12.97438,D,15.693,4398,4.539,0.084,0.197,1.07593,,,0.2256,-0.50651,0.33754,0.98609,0.6086753089291531,0.9680692330647569
538,538,5530881,5.083,sp,5.64,0.334,,,,,,,,,,5530881.0,55001.53816,5.08259,D,13.508,6138,4.342,0.118,0.265,0.66793,,,0.1573,0.0503,0.02434,0.97343,0.05587956334832977,0.9012411347517731
550,550,5597970,6.717,sp,7.826,1.273,,,,,,,,,,5597970.0,54970.21094,6.71808,D,12.778,,,,0.003,0.6462,,,0.07925,-0.04322,-0.2411,0.99613,0.24494321464372107,0.8582928699207769
571,571,5643492,41.865,sp,8.868,1.511,8.582,9.252,,,0.062,0.054,,,,5643492.0,54994.1,14.91039,D,14.528,5832,4.651,0.126,0.16,1.07597,,,0.08355,-0.72375,0.04056,0.99707,0.7248856296685705,4.720906630581868
572,572,5647008,0.8,sp,0.797,1.372,0.799,0.8,,,0.42,0.157,,,,5647008.0,55002.60027,0.79974,D,14.335,5444,4.489,0.117,0.257,0.45421,,,0.20092,-0.05247,0.31803,0.98788,0.3223293064553702,1.0037641154328734
596,596,5768927,4.391,sp,4.516,1.143,4.465,4.66,,,0.042,0.051,,,,5768927.0,54956.76953,4.39062,D,13.209,5799,4.132,0.102,0.199,0.94149,,,0.08716,-0.06724,-0.38666,1.00507,0.392462957742511,0.9723206377325067
599,599,5771589,10.739,sp,14.487,0.706,14.581,14.752,,,0.075,0.174,,,,5771589.0,54962.07812,10.76562,D,11.809,5927,4.235,0.065,0.008,0.86757,,,0.04519,0.10977,0.44297,0.99768,0.45636813407598914,0.7412852902602334
604,604,5781192,9.46,sp,11.422,0.775,,,,,,,,,,5781192.0,54999.71891,9.4599,D,12.989,5372,4.794,0.046,0.004,0.899,,,0.10545,0.19515,-0.24652,0.96384,0.3144131563723121,0.8282262300822973
607,607,5785586,0.46,sp,0.45,0.369,0.459,0.46,,,0.183,0.117,,,,5785586.0,55002.50105,0.45958,SD,15.756,5125,4.817,0.106,0.026,0.93762,,,0.5497,0.01659,0.03208,0.99779,0.036115848321754816,1.0222222222222221
613,613,5795648,4.553,sp,4.475,1.163,4.434,4.577,,,0.094,0.083,,,,5795648.0,54968.4311,4.55437,D,11.471,6052,4.208,0.067,0.0,0.61729,,,0.10442,-0.01624,0.49113,0.98978,0.4913984274496613,1.0174301675977655
617,617,5802285,2.417,sp,24.152,0.321,2.403,2.43,,,0.012,0.01,,,b,5802285.0,55003.67731,2.4176,D,15.349,4791,4.794,0.081,0.523,0.46461,,,0.1541,-0.03776,0.05207,0.99434,0.06432031172188145,0.10007452798940045
618,618,5802470,3.792,sp,3.842,0.933,3.778,3.851,,,0.189,0.142,,,,5802470.0,55001.26244,3.79191,D,13.764,5418,4.679,0.075,0.258,0.42278,,,0.13439,-0.23555,0.43449,0.9961,0.49423209385874567,0.986985944820406
620,620,5807579,17.844,sp,16.592,0.325,,,,,,,,,,5807579.0,54966.69177,17.84955,D,13.745,,,,0.098,0.82389,,,0.0424,0.37003,-0.30549,0.99795,0.47983991184560715,1.0754580520732886
629,629,5871918,12.643,sp,12.567,1.413,12.447,12.608,,,0.266,0.377,,,,5871918.0,54972.75781,12.64375,D,15.701,4021,4.513,0.06,0.139,0.81816,,,0.10634,0.22695,-0.39062,0.81211,0.45176352984719786,1.0060475849446964
638,638,5887316,0.603,sp,0.593,0.55,0.603,0.603,,,0.457,0.175,,,,5887316.0,54964.659,0.6031,D,13.989,6216,4.326,0.151,0.271,0.49872,,,0.40927,-0.3966,-0.32709,0.99646,0.5140811493334491,1.0168634064080944
643,643,5955321,11.638,sp,5.088,0.571,4.968,5.134,5.155,5.34,0.017,0.016,0.013,0.01,,5955321.0,54999.01891,11.63467,D,15.385,6169,4.481,0.169,0.052,0.95876,,,0.11514,0.21122,0.00622,1.00955,0.2113115633371728,2.2873427672955975
653,653,5979863,16.622,sp,17.552,0.698,,,,,,,,,,5979863.0,54966.5509,16.62467,D,15.229,5698,4.446,0.173,0.201,0.78229,,,0.07925,0.5393,0.05174,1.00552,0.5417762615692939,0.9470145852324522
655,655,5982353,19.563,sp,15.754,0.271,,,,,,,,,,5982353.0,54967.3579,19.56781,D,11.115,5961,4.246,0.055,0.062,0.76615,,,0.35536,0.26271,0.19292,0.99697,0.3259366050323283,1.2417798654310017
667,667,6025466,1.128,sp,1.124,1.316,1.112,1.115,1.149,1.152,0.104,0.158,0.059,0.161,,6025466.0,55002.26965,1.12775,D,13.122,5815,4.418,0.083,0.129,1.00576,,,0.36521,-0.0519,-0.41515,0.97387,0.41838156328882375,1.0035587188612098
669,669,6029130,12.592,sp,17.246,0.578,17.319,17.651,,,0.133,0.058,,,,6029130.0,55005.49945,12.58653,D,14.832,5160,4.647,0.09,0.058,0.82285,,,0.09912,0.23664,0.04972,0.91959,0.2418068816225047,0.7301403223935986
676,676,6044064,5.063,sp,5.068,1.339,,,,,,,,,,6044064.0,55002.15895,5.06329,D,15.001,5095,4.484,0.114,0.191,0.50033,,,0.44209,-0.13168,-0.05843,0.99732,0.1440614011454838,0.9990134175217048
687,687,6060580,2.313,sp,2.309,1.405,,,,,,,,,,6060580.0,55003.20165,2.31267,D,13.46,5308,4.706,0.062,0.018,0.45774,,,0.18599,-0.27592,0.49272,0.99021,0.5647166057413222,1.0017323516673884
693,693,6103049,0.643,sp,0.633,0.2,0.642,0.643,,,0.146,0.101,,,,6103049.0,55002.2007,0.64319,D,15.147,5623,4.389,0.129,0.091,0.62141,,,0.59326,-0.42204,0.47266,0.92016,0.6336601906384841,1.0157977883096367
698,698,6128027,5.456,sp,6.334,1.563,6.242,6.326,,,0.136,0.178,,,,6128027.0,54969.90759,5.45531,D,15.863,4878,4.626,0.117,0.303,0.69513,,,0.08079,-0.03323,-0.39257,0.99708,0.39397390497341317,0.8613830123144933
699,699,6128141,1.873,sp,1.839,0.504,1.87,1.877,,,0.078,0.031,0.026,0.026,,6128141.0,55003.17942,1.87181,D,14.337,5775,4.429,0.13,0.033,0.58221,,,0.14837,-0.3993,-0.4491,0.9972,0.6009420105134937,1.0184883088635128
712,712,6185717,11.702,sp,12.199,0.71,,,,,,,,,,6185717.0,54995.83332,11.70133,D,13.393,5901,4.501,0.085,0.453,0.78756,,,0.04691,0.33184,0.45272,1.00292,0.5613138017187891,0.9592589556521026
715,715,6191574,1.035,sp,1.042,1.347,1.033,1.035,,,0.355,0.359,,,,6191574.0,55002.12625,1.0346,D,14.353,4208,4.542,0.042,0.005,0.77118,,,0.49052,-0.16305,-0.40901,0.99982,0.4403118015679343,0.993282149712092
717,717,6197038,9.752,sp,9.726,1.71,,,,,,,,,,6197038.0,55000.86283,9.77901,D,13.531,4937,3.413,0.154,0.022,0.399,,,0.37113,-0.32436,0.3894,1.00492,0.506795589562498,1.0026732469668929
728,728,6231401,6.092,sp,6.069,0.647,6.055,6.161,,,0.033,0.075,,,,6231401.0,55001.06488,6.09756,D,14.847,5843,4.416,0.172,0.55,0.499,,,0.07491,-0.23699,0.48584,0.99047,0.5405596782039889,1.0037897511945955
732,732,6268722,2.638,sp,2.697,0.795,2.661,2.694,2.722,2.815,0.016,0.029,0.039,0.024,,6268722.0,55002.94429,2.63817,D,12.601,6234,4.305,0.088,0.02,0.71472,,,0.16958,0.10115,0.00854,0.98318,0.10150987193371884,0.9781238413051538
744,744,6307537,29.745,sp,78.179,1.447,,,,,,,,,,6307537.0,54960.6825,29.75137,D,11.753,,,,0.069,0.7014,,,0.14313,0.08357,0.02529,0.99445,0.0873128226550946,0.3804730170506146
745,745,6311637,1.621,sp,1.614,1.089,1.613,1.616,,,0.194,0.104,,,,6311637.0,55002.99441,1.62075,D,13.242,5534,4.209,0.109,0.06,0.50372,,,0.564,-0.01948,0.02824,0.92936,0.03430696722241708,1.0043370508054523
752,752,6359798,14.154,sp,3.412,1.259,3.407,3.436,,,0.184,0.23,,,,6359798.0,54959.54309,14.15204,D,12.932,5452,4.526,0.063,0.131,0.72675,,,0.04937,0.21086,-0.37153,0.99614,0.42719606798284093,4.148300117233294
762,762,6387450,3.661,sp,4.046,1.557,4.034,4.062,,,0.183,0.516,,,,6387450.0,55001.21803,3.66216,D,14.349,5205,4.452,0.108,0.399,0.4858,,,0.10055,-0.14946,-0.27147,0.99355,0.3098939375012038,0.9048442906574394
767,767,6421483,2.158,sp,2.145,1.181,,,,,,,,,,6421483.0,55001.60871,2.15913,D,13.024,5016,3.922,0.088,0.036,0.34999,,,0.37402,0.29704,0.05,0.95843,0.301218793570388,1.006060606060606
771,771,6432059,0.77,sp,0.776,1.29,,,,,,,,,,6432059.0,54964.7571,0.76995,D,14.84,5412,4.642,0.101,0.115,0.90415,,,0.4443,-0.57917,-0.45612,0.99516,0.7372132278384592,0.9922680412371134
773,773,6443392,0.777,sp,0.776,0.485,0.776,0.777,,,0.122,0.143,,,,6443392.0,55004.12077,0.77691,D,12.723,,,,0.006,0.47409,,,0.37086,-0.06251,0.12632,0.98218,0.1409405637139287,1.0012886597938144
776,776,6449552,20.149,sp,21.271,0.505,18.334,21.402,23.688,26.683,0.022,0.071,0.051,0.017,,6449552.0,54968.8126,20.15732,D,14.904,5357,4.453,0.129,0.394,0.75688,,,0.07504,0.239,-0.01645,0.99388,0.23956544512930072,0.9472521273094824
777,777,6452742,1.376,sp,1.369,1.174,1.369,1.378,,,0.096,0.113,,,,6452742.0,55009.56446,1.3753,D,14.726,5642,4.408,0.144,0.082,0.51737,,,0.3019,-0.0808,0.0909,0.95161,0.12162010524580218,1.0051132213294374
778,778,6464285,0.844,sp,0.838,0.764,0.835,0.838,0.842,0.846,0.08,0.068,0.014,0.026,,6464285.0,55003.75977,0.84381,D,13.826,5061,4.572,0.072,0.44,0.53318,,,0.4437,-0.01115,-0.00044,0.97668,0.01115867823713902,1.0071599045346062
779,779,6466939,2.286,sp,2.268,1.398,2.248,2.268,2.281,2.313,0.05,0.082,0.027,0.053,,6466939.0,55003.75597,2.28543,D,14.454,4920,4.551,0.086,0.125,0.94534,,,0.18699,0.09962,-0.01133,0.99801,0.10026222269628776,1.0079365079365081
781,781,6468938,7.217,sp,7.193,1.278,6.813,7.329,,,0.044,0.071,,,,6468938.0,54968.4524,7.2179,D,13.272,5805,4.244,0.118,0.028,1.03562,,,0.26068,-0.4749,0.39401,0.99636,0.6170687887910067,1.0033365772278604
788,788,6521542,4.426,sp,4.414,0.939,,,,,,,,,,6521542.0,55003.30617,2.21312,D,14.28,5880,4.404,0.129,0.03,0.66043,,,0.28823,0.02345,-0.00578,0.99245,0.024151830158395865,1.0027186225645675
791,791,6525196,3.421,sp,3.392,0.472,3.307,3.392,3.403,3.448,0.014,0.029,0.011,0.018,,6525196.0,55005.64085,3.41851,D,10.154,5966,4.129,0.042,0.001,0.91988,,,0.15376,-0.01637,0.04146,0.99519,0.044574751822079726,1.0085495283018868
800,800,6548447,10.768,sp,9.665,1.492,9.411,10.077,,,0.152,0.086,,,,6548447.0,55009.04155,10.76294,D,12.88,5031,4.005,0.092,0.165,0.67724,,,0.1559,-0.41195,-0.46662,0.99081,0.622444396633145,1.1141231246766685
801,801,6579806,9.88,sp,12.648,1.056,12.298,13.069,,,0.038,0.045,,,,6579806.0,55006.60488,19.75784,D,15.212,5869,4.598,0.118,0.004,1.03403,,,0.03996,-0.44286,0.1542,1.00023,0.46893775663727477,0.7811511701454776
802,802,6591789,5.088,sp,5.19,1.192,,,,,,,,,,6591789.0,55002.97667,5.08728,D,15.353,5410,4.718,0.109,0.028,0.78498,,,0.14265,0.14248,0.02722,0.95792,0.14505681231848436,0.9803468208092485
803,803,6593363,18.528,sp,18.738,0.284,,,,,,,,,,6593363.0,54953.7301,18.52581,D,12.893,5865,4.206,0.095,0.092,0.77897,,,0.07732,0.22054,0.09151,0.99645,0.23877179837660897,0.9887928274095421
805,805,6595662,2.681,sp,2.718,1.287,2.632,2.654,2.802,2.816,0.028,0.026,0.149,0.092,,6595662.0,55003.14891,2.68284,D,14.746,5759,4.357,0.137,0.173,0.70303,,,0.16498,-0.13778,0.39512,0.99825,0.41845327433298934,0.9863870493009567
808,808,6603756,5.204,sp,5.926,1.557,,,,,,,,,,6603756.0,54974.09375,5.20446,D,15.424,5115,4.478,0.125,0.139,0.6106,,,0.23852,-0.10483,-0.36765,0.98752,0.38230334997224386,0.8781640229497131
809,809,6606282,2.107,sp,2.002,0.409,2.107,2.111,,,0.152,0.055,,,,6606282.0,55000.20858,1.05388,D,12.97,5594,4.458,0.074,0.05,0.67134,,,0.24882,0.0278,-0.00959,0.99706,0.0294076197608715,1.0524475524475527
816,816,6614926,3.027,sp,3.004,0.85,2.907,2.977,2.993,3.066,0.008,0.012,0.029,0.015,,6614926.0,55005.63038,3.02229,D,14.044,6038,4.592,0.113,0.131,0.67285,,,0.25928,0.03405,-0.00637,0.9694,0.03464071881471283,1.0076564580559255
818,818,6620003,3.429,sp,3.412,0.7,,,,,,,,,,6620003.0,54997.17311,3.42823,D,15.686,3955,4.444,0.063,0.138,0.83376,,,0.09034,0.01805,0.12032,0.99279,0.12166636716858115,1.0049824150058617
819,819,6628237,3.84,sp,3.821,1.599,,,,,,,,,,6628237.0,54968.138,3.84018,D,14.479,5679,4.417,0.14,0.673,0.77822,,,0.13624,0.06724,-0.40281,1.00395,0.4083835374987586,1.0049725202826485
820,820,6629332,4.311,sp,4.291,1.384,,,,,,,,,,6629332.0,55007.52025,4.30948,D,13.997,5452,4.816,0.073,0.045,0.41484,,,0.38546,-0.23151,0.43209,0.89376,0.49020266033549836,1.0046609182008854
823,823,6634112,9.942,sp,10.074,1.347,10.065,10.165,,,0.464,0.178,,,,6634112.0,54966.84765,9.95526,D,14.099,5099,4.32,0.106,0.561,0.98465,,,0.03326,-0.28858,-0.41129,1.00735,0.5024319660411746,0.9868969624776653
833,833,6694186,5.554,sp,5.476,1.562,,,,,,,,,,6694186.0,55001.48319,5.55012,D,12.376,5247,4.304,0.059,0.028,0.48109,,,0.13075,-0.22484,0.46231,0.99443,0.5140851696946723,1.0142439737034332
834,834,6695889,1.107,sp,1.124,1.254,,,,,,,,,,6695889.0,55002.9976,1.10659,D,15.415,5964,4.585,0.161,0.468,0.78482,,,0.33607,0.13497,0.00713,0.98406,0.13515819545998684,0.9848754448398576
835,835,6697716,1.443,sp,1.43,1.164,1.439,1.441,,,0.324,0.124,,,,6697716.0,55008.88869,1.44357,D,14.424,4898,4.249,0.106,0.116,0.70162,,,0.17015,-0.09619,0.42371,0.9983,0.4344912889805732,1.0090909090909093
838,838,6706287,2.535,sp,2.472,1.536,,,,,,,,,,6706287.0,55004.41334,2.53516,D,13.62,,,,0.048,0.82102,,,0.17703,-0.20335,-0.45646,0.99902,0.49970686817373244,1.025485436893204
846,846,6766748,7.003,sp,7.581,0.271,,,,,,,,,,6766748.0,54969.01172,7.00379,D,13.934,6601,4.333,0.139,0.056,0.76963,,,0.12078,0.08632,0.00986,0.99549,0.08688130984279645,0.9237567603218573
847,847,6778050,0.946,sp,0.94,0.729,0.941,0.942,0.947,,0.078,0.034,0.211,,,6778050.0,54964.62115,0.94583,D,14.514,5091,4.666,0.081,0.107,1.00009,,,0.42126,-0.02095,0.00549,0.99636,0.02165739134799018,1.0063829787234042
849,849,6781535,9.122,sp,8.194,1.161,8.031,8.25,,,0.065,0.193,,,,6781535.0,54971.83606,9.11669,D,13.666,5727,4.287,0.115,0.105,0.78522,,,0.12437,-0.46122,0.31083,1.00003,0.5561826833873921,1.1132536001952646
858,858,6847018,16.662,sp,4.352,1.242,4.264,4.402,,,0.074,0.076,,,,6847018.0,54958.52734,16.66211,D,13.344,6211,4.415,0.1,0.109,0.96004,,,0.23189,-0.08148,-0.38607,0.995,0.3945744990492923,3.828584558823529
861,861,6859813,10.882,sp,6.661,0.791,6.693,6.853,,,0.157,0.055,,,,6859813.0,54954.796,10.88402,D,12.068,5951,4.39,0.065,0.07,0.71186,,,0.09215,0.11461,-0.03146,0.99616,0.11884941606924285,1.633688635340039
865,865,6863840,3.853,sp,3.78,1.56,3.759,3.781,,,0.236,0.354,,,,6863840.0,54964.7454,3.85259,D,15.138,5024,4.543,0.107,0.54,1.01231,,,0.17209,-0.54551,0.50195,0.98038,0.7413062542566332,1.0193121693121694
868,868,6866228,7.702,sp,8.03,1.412,8.009,8.068,,,0.151,0.397,,,,6866228.0,55001.38057,7.70618,D,15.144,5388,4.841,0.098,0.076,0.66871,,,0.07201,0.18015,0.45385,0.99221,0.48829688202977495,0.9591531755915318
869,869,6867766,12.965,sp,9.972,1.375,,,,,,,,,,6867766.0,54969.1384,12.97491,D,14.384,5971,4.586,0.121,0.228,1.00064,,,-0.00158,-0.65084,0.39183,0.99802,0.7596864185306987,1.3001403931006819
872,872,6891512,3.505,sp,3.515,0.573,3.459,3.469,3.528,3.584,0.019,0.061,0.041,0.015,,6891512.0,54967.47845,3.50485,D,11.388,5591,3.959,0.072,0.034,0.92887,,,0.22946,-0.03242,-0.02342,0.99724,0.03999440960934415,0.9971550497866287
873,873,6927629,7.735,sp,8.888,0.813,8.877,9.146,,,0.168,0.077,,,,6927629.0,54968.34375,7.73472,D,15.244,5550,4.367,0.129,0.025,0.92977,,,0.10902,0.1656,0.01318,1.00007,0.16612366598410958,0.8702745274527454
875,875,6934587,1.571,sp,1.573,1.267,1.555,1.558,1.588,1.613,0.089,0.033,0.034,0.033,,6934587.0,54965.47266,1.5709,D,13.406,5840,4.311,0.098,0.026,0.55338,,,0.49382,-0.31886,0.48868,0.99313,0.5835065055335715,0.9987285441830897
877,877,6939670,4.239,sp,4.209,1.463,4.113,4.248,4.424,,0.059,0.173,0.09,,,6939670.0,54968.20099,4.23876,D,14.858,5436,4.436,0.121,0.06,0.79471,,,0.14246,-0.53652,-0.45475,0.81211,0.7033144907507594,1.0071275837491092
882,882,6949550,7.841,sp,6.947,0.687,6.934,7.32,,,0.069,0.036,,,,6949550.0,54969.58777,7.84259,D,15.144,5718,4.586,0.137,0.0,0.91125,,,0.08235,0.08255,-0.26471,0.99673,0.2772830441985229,1.1286886425795308
888,888,6962018,1.27,sp,1.267,1.066,1.267,1.27,,,0.17,0.236,,,,6962018.0,54965.07232,1.27001,D,14.791,4191,4.498,0.054,0.07,0.90189,,,0.27406,0.26638,2e-05,0.99535,0.26638000075080714,1.0023677979479086
890,890,6965293,5.078,sp,5.149,1.088,5.069,5.36,5.481,5.609,0.018,0.034,0.012,0.011,,6965293.0,54957.476,5.07794,D,12.847,5944,4.185,0.11,0.059,0.56766,,,0.05519,-0.43433,0.47244,0.99255,0.6417492520447531,0.9862109147407264
892,892,7009828,10.642,sp,11.014,1.156,10.98,11.27,,,0.04,0.094,,,,7009828.0,54968.12469,10.64252,D,15.013,5581,4.545,0.111,0.062,0.63861,,,0.06496,-0.33219,0.48603,0.9943,0.5887065117696593,0.9662248047938987
906,906,7049486,26.718,sp,8.807,0.892,8.797,9.103,,,0.084,0.062,0.103,0.103,,7049486.0,54971.0521,26.71763,D,13.144,,,,0.093,0.7657,,,0.0678,0.26415,0.38025,1.00216,0.46299598810356873,3.03372317474736
910,910,7105574,20.726,sp,8.746,1.123,8.445,8.793,9.267,9.671,0.048,0.078,0.035,0.014,,7105574.0,54976.20312,20.71889,D,14.069,5765,4.652,0.09,0.19,0.60716,,,0.1169,-0.1665,0.44551,0.81211,0.4756063604494793,2.369769037274182
923,923,7125636,6.491,sp,7.417,1.442,,,,,,,,,,7125636.0,54978.0465,6.49457,D,15.507,4358,4.557,0.074,0.136,0.80904,,,0.04638,-0.35473,-0.3443,0.99917,0.4943438711059337,0.8751516785762438
924,924,7128918,7.119,sp,8.173,0.834,,,,,,,,,,7128918.0,54984.37185,7.11651,D,15.758,5386,4.912,0.115,0.2,0.7611,,,0.08576,-0.0142,0.26525,0.99565,0.2656298223091677,0.8710387862473999
925,925,7129465,5.492,sp,6.089,1.225,,,,,,,,,,7129465.0,54966.1716,5.49265,D,15.316,5182,4.358,0.147,0.15,0.80346,,,0.09305,-0.0714,0.00943,0.99882,0.07202003124131508,0.9019543438988339
932,932,7174617,1.608,sp,1.594,1.353,1.581,1.592,1.614,,0.029,0.052,0.193,,,7174617.0,55006.39328,1.60842,D,13.819,4889,4.408,0.066,0.081,0.96756,,,-0.00609,-0.5546,0.42602,0.99766,0.6993384019199861,1.0087829360100375
933,933,7177553,17.996,sp,11.749,1.152,11.841,12.069,,,0.301,0.133,,,,7177553.0,54972.5467,17.99475,D,11.511,,,,0.06,0.98139,,,0.063,-0.33792,0.35733,0.99853,0.4918075388808106,1.5317048259426331
938,938,7199774,4.708,sp,4.761,1.29,,,,,,,,,,7199774.0,54955.94922,4.70805,D,13.279,5633,4.558,0.075,0.034,1.05884,,,0.03704,-0.46321,-0.40202,1.01104,0.6133380670560079,0.9888678848981307
939,939,7200102,14.666,sp,6.661,1.498,6.595,6.716,,,0.322,0.25,,,,7200102.0,54972.57257,14.66626,D,15.213,5207,4.373,0.133,0.033,0.9494,,,0.45087,-0.24822,-0.35693,0.93224,0.4347553257868154,2.201771505779913
942,942,7212722,2.316,sp,2.309,0.539,,,,,,,,,,7212722.0,55002.3811,2.31724,D,13.969,5683,4.692,0.09,0.038,0.55111,,,0.25462,-0.00815,0.02381,0.99008,0.025166219422074504,1.0030316154179297
946,946,7257373,10.467,sp,12.199,0.43,11.809,12.298,,,0.051,0.052,,,,7257373.0,54955.66071,10.46668,D,13.424,,,,0.006,0.92031,,,0.09875,-0.00292,0.0122,1.00144,0.012544576517363988,0.8580211492745308
952,952,7284688,0.646,sp,0.654,0.377,0.643,0.648,,,0.064,0.023,,,,7284688.0,55002.77926,0.64601,D,11.234,,,,0.001,1.01133,,,0.30636,-0.44813,-0.37321,0.9772,0.5831862489805465,0.9877675840978594
956,956,7336754,12.155,sp,13.915,1.094,13.247,14.272,,,0.064,0.145,,,,7336754.0,54966.76715,12.15552,D,13.964,5546,4.409,0.091,0.005,1.04615,,,0.05667,-0.56241,0.30062,0.99242,0.6377126253258594,0.8735177865612648
964,964,7362852,7.037,sp,7.213,0.909,7.143,7.384,,,0.1,0.053,,,,7362852.0,55003.50449,7.04158,D,15.168,5961,4.624,0.141,0.039,0.95912,,,0.14629,0.09774,-0.00194,0.99922,0.09775925122462835,0.975599611812006
969,969,7369523,5.319,sp,5.19,0.397,,,,,,,,,,7369523.0,55003.56418,5.32298,D,14.905,5907,4.603,0.138,0.105,0.96097,,,0.16474,-0.01642,0.03379,0.99948,0.037568344387263065,1.0248554913294796
988,988,7449844,1.152,sp,1.389,1.268,,,,,,,,,,7449844.0,54965.1234,1.1519,D,13.63,6834,4.1,0.173,0.064,0.78795,,,0.26105,-0.51477,-0.46044,0.99266,0.6906469043585152,0.8293736501079912
1009,1009,7597703,9.218,sp,9.645,1.146,,,,,,,,,,7597703.0,54999.20675,9.20625,D,15.322,5713,4.867,0.109,0.117,0.8983,,,0.12974,-0.01163,-0.06404,0.99771,0.06508746807181856,0.9557283566614827
1018,1018,7624297,18.02,sp,18.431,0.614,,,,,,,,,,7624297.0,54981.6636,18.14275,D,14.928,5135,4.732,0.093,0.313,0.78026,,,0.06078,0.43334,0.21826,0.99609,0.48520200246907474,0.9777006130974987
1023,1023,7670485,8.468,sp,9.91,0.434,9.768,9.997,,,0.119,0.04,,,,7670485.0,54972.41229,8.46807,D,14.408,5623,4.577,0.1,0.023,0.91711,,,0.07369,0.03194,0.00943,0.99979,0.03330298034711008,0.8544904137235116
1025,1025,7671594,1.41,sp,1.41,1.555,,,,,,,,,,7671594.0,54965.3983,1.4105,D,15.815,3717,4.354,0.058,0.114,0.84932,,,0.08816,-0.23382,0.44764,0.99809,0.5050280804074165,1.0
1035,1035,7691527,4.8,sp,4.659,1.099,,,,,,,,,,7691527.0,55002.40305,4.8014,D,15.431,5354,4.593,0.134,0.129,0.74075,,,0.27909,-0.349,-0.44689,0.9709,0.5670199926810341,1.03026400515132
1036,1036,7695093,4.033,sp,3.985,0.766,,,,,,,,,,7695093.0,55002.57634,4.02993,D,13.861,5706,4.431,0.111,0.478,0.53745,,,0.14261,-0.16861,-0.43277,0.99096,0.4644558159825324,1.0120451693851946
1050,1050,7750740,5.874,sp,5.967,1.223,5.932,6.159,,,0.125,0.064,,,,7750740.0,54967.3206,5.87312,D,14.857,5777,4.37,0.144,0.145,0.48207,,,0.08413,-0.19727,0.49792,0.99623,0.5355742519016388,0.9844142785319256
1063,1063,7798259,1.734,sp,1.737,1.086,1.721,1.74,,,0.075,0.061,,,,7798259.0,55005.7204,1.73423,D,15.726,4619,4.489,0.089,0.038,1.01523,,,0.07668,-0.30637,-0.37251,1.00285,0.4823134634239438,0.9982728842832469
1064,1064,7802136,10.98,sp,14.773,1.242,13.92,15.347,,,0.066,0.147,,,,7802136.0,54970.13605,11.03091,D,14.212,5712,4.464,0.1,0.112,0.68551,,,0.07319,-0.07416,-0.46313,0.99851,0.46902995906445033,0.7432478169633792
1065,1065,7811211,0.902,sp,0.899,1.238,0.901,0.903,,,0.184,0.318,,,,7811211.0,55002.71685,0.90224,D,14.596,5549,4.683,0.095,0.024,0.91542,,,0.4388,-0.50241,0.26843,0.99667,0.5696230973196225,1.003337041156841
1073,1073,7830321,2.027,sp,2.023,1.44,,,,,,,,,,7830321.0,55003.20162,2.02686,D,15.476,5347,4.299,0.166,0.045,0.60726,,,0.11879,-0.28463,0.47447,0.99637,0.5532955971268884,1.0019772614928324
1076,1076,7836330,0.658,sp,0.654,1.038,0.655,0.659,,,0.05,0.116,,,,7836330.0,55003.02845,1.31664,SD,14.201,5053,4.543,0.084,0.133,0.99942,,,0.44342,-0.00112,-0.00167,0.99632,0.0020107958623390887,1.0061162079510704
1079,1079,7838639,4.226,sp,4.209,1.126,4.147,4.228,4.239,4.356,0.038,0.033,0.025,0.025,,7838639.0,55003.34912,4.22464,D,13.774,5959,4.14,0.152,0.225,0.51757,,,0.09788,-0.15926,0.49218,0.98912,0.5173054223570442,1.0040389641244951
1084,1084,7846730,11.028,sp,14.957,0.084,13.713,14.179,22.884,30.651,0.016,0.04,0.02,0.011,,7846730.0,54969.96679,11.02893,D,12.956,,,,0.072,0.8068,,,0.12589,0.17634,0.00916,0.99729,0.17657774831501277,0.737313632412917
1092,1092,7885570,1.729,sp,1.716,1.278,1.704,1.706,1.73,1.737,0.044,0.077,0.267,0.089,,7885570.0,55001.83672,1.72925,D,11.679,5398,4.616,0.034,0.032,0.82332,,,0.52896,-0.40548,0.4014,0.98733,0.5705576135676396,1.0075757575757576
1093,1093,7886329,0.567,sp,0.572,0.339,,,,,,,,,,7886329.0,55002.44657,0.56745,D,13.205,6079,4.054,0.128,0.06,0.87196,,,0.402,0.11073,0.0034,0.9948,0.1107821867449817,0.9912587412587412
1099,1099,7919653,4.21,sp,4.189,1.009,4.179,4.285,,,0.127,0.043,,,,7919653.0,54999.35979,4.21057,D,13.796,5679,3.947,0.173,0.071,0.95197,,,0.17897,0.09317,-0.15719,0.99029,0.18272751571670864,1.005013129625209
1102,1102,7940533,3.906,sp,3.862,1.536,,,,,,,,,,7940533.0,55001.49071,3.90567,D,12.862,5326,4.555,0.053,0.017,1.05344,,,0.05584,-0.46525,0.05067,0.97823,0.4680010805543081,1.0113930605903676
1104,1104,7941635,0.763,sp,0.756,0.922,0.76,0.763,,,0.108,0.133,,,,7941635.0,55010.91574,0.76275,D,14.5,5131,4.358,0.095,0.042,0.68708,,,0.35228,-0.02082,0.00058,0.99604,0.02082807720362108,1.0092592592592593
1105,1105,7943535,4.719,sp,4.659,1.456,,,,,,,,,,7943535.0,55004.2715,4.71855,D,12.672,6516,4.123,0.107,0.026,0.86286,,,0.08314,-0.11386,0.49667,0.96063,0.5095539112792679,1.0128783000643915
1106,1106,7943602,14.692,sp,14.59,1.36,14.413,14.629,,,0.187,0.395,,,,7943602.0,54967.66949,14.69509,D,13.988,4889,3.399,0.142,0.015,1.08085,,,-0.01614,-0.71943,-0.07293,0.81211,0.7231170789021651,1.0069910897875258
1107,1107,7947631,2.517,sp,2.472,0.857,,,,,,,,,,7947631.0,54987.09155,2.51646,D,15.179,4823,4.46,0.097,0.119,0.54231,,,0.09677,-0.41213,-0.4092,0.81211,0.5807717080746961,1.0182038834951457
1108,1108,7950775,8.967,sp,8.173,1.056,7.98,8.239,,,0.078,0.081,,,,7950775.0,54953.64246,8.96619,D,13.478,6222,4.229,0.121,0.006,0.9741,,,0.06586,-0.51442,-0.25494,0.99606,0.574127459716046,1.0971491496390555
1113,1113,7960547,6.767,sp,6.947,0.87,,,,,,,,,,7960547.0,54968.2642,6.7673,D,14.143,5669,4.517,0.105,0.01,0.94428,,,0.07233,-0.11768,0.11814,1.00059,0.1667502383806392,0.9740895350511012
1114,1114,7967100,1.927,sp,1.941,1.199,1.915,1.927,2.04,2.058,0.036,0.096,0.035,0.014,,7967100.0,55001.98883,1.92809,D,13.943,5806,4.342,0.124,0.077,0.60011,,,0.2752,-0.4074,0.48448,0.98889,0.6330052372611146,0.9927872230808862
1116,1116,7970760,7.649,sp,8.316,0.164,,,,,,,,,,7970760.0,55011.01032,7.649,D,13.398,6172,4.397,0.114,0.035,0.68907,,,0.13647,0.06229,0.04397,0.99524,0.07624568840268936,0.9197931697931697
1117,1117,7971389,26.35,sp,12.035,1.001,11.738,12.491,,,0.042,0.125,,,,7971389.0,54969.46313,26.34888,D,14.098,5791,4.431,0.122,0.158,0.98957,,,0.11512,-0.56006,-0.08734,0.97076,0.5668293210482324,2.189447444952223
1122,1122,7985167,1.384,sp,1.369,0.889,1.368,1.372,1.385,1.388,0.033,0.078,0.07,0.151,,7985167.0,54968.0463,1.38434,D,12.958,5923,4.13,0.122,0.044,0.6089,,,0.31009,-0.02277,0.0063,0.9603,0.023625471423867925,1.0109569028487946
1123,1123,7987749,17.031,sp,17.409,0.797,17.545,17.995,,,0.099,0.117,,,,7987749.0,54978.5397,17.03215,D,14.461,5349,4.201,0.149,0.085,0.69497,,,0.04167,0.32316,-0.47003,1.0085,0.5704038801586118,0.9782870928829915
1125,1125,8008128,14.854,sp,9.093,0.664,8.662,9.912,10.29,11.277,0.019,0.023,0.012,0.006,,8008128.0,54999.27007,14.85488,D,14.558,5956,4.445,0.114,0.015,0.77238,,,0.07086,0.0897,0.20649,0.99956,0.22513153954965973,1.6335642802155503
1129,1129,8016214,3.175,sp,3.106,1.258,,,,,,,,,,8016214.0,54966.72206,3.17641,D,14.364,5657,4.9,0.076,0.568,0.84817,,,0.20487,-0.28952,-0.43813,0.81211,0.5251473386583998,1.0222150676110753
1130,1130,8019043,1.986,sp,1.982,0.916,1.963,1.989,2.011,2.034,0.009,0.029,0.032,0.018,,8019043.0,54965.93814,1.98551,D,11.427,6396,3.998,0.085,0.005,0.55607,,,0.233,0.01601,0.03462,0.97206,0.0381426860616816,1.002018163471241
1144,1144,8075618,17.561,sp,7.928,1.487,7.9,8.12,,,0.194,0.064,,,,8075618.0,54970.9283,17.5598,D,15.674,5288,4.621,0.107,0.089,0.84292,,,-0.01383,-0.66797,-0.16865,1.00518,0.6889315955884154,2.215060544904137
1146,1146,8081482,2.819,sp,2.779,1.269,2.745,2.775,2.812,2.895,0.059,0.036,0.039,0.021,,8081482.0,54995.0609,2.81899,D,14.569,5522,4.333,0.114,0.062,0.4745,,,0.33595,-0.04164,-0.36578,0.94334,0.36814249686772105,1.0143936667866138
1148,1148,8088354,2.898,sp,2.943,0.591,2.876,2.968,2.991,3.026,0.073,0.072,0.063,0.039,,8088354.0,54965.6045,2.8979,D,13.648,6073,4.368,0.11,0.431,0.67001,,,0.13045,-0.14872,0.43571,0.99491,0.46039205303740854,0.9847094801223242
1149,1149,8094140,0.706,sp,0.715,0.894,0.705,0.707,,,0.126,0.159,,,,8094140.0,54973.6255,0.70639,D,15.159,4200,4.557,0.056,0.293,0.84196,,,0.21949,-0.42981,-0.35566,0.99562,0.5578805174049368,0.9874125874125874
1150,1150,8095099,4.206,sp,4.148,0.842,4.134,4.179,,,0.19,0.086,,,,8095099.0,54970.0753,4.20698,D,14.169,5834,4.468,0.114,0.73,0.6308,,,0.22186,-0.1211,-0.06995,0.99413,0.1398506792975994,1.013982642237223
1152,1152,8097825,2.937,sp,2.902,1.194,2.872,2.879,2.937,2.957,0.179,0.055,0.086,0.072,,8097825.0,54966.6379,2.93643,D,13.283,5329,4.281,0.085,0.103,0.78524,,,0.21346,-0.33328,-0.39206,0.98703,0.5145741948446307,1.0120606478290832
1154,1154,8098300,4.306,sp,4.025,0.219,4.306,4.332,,,0.017,0.035,0.018,0.018,,8098300.0,54965.3492,4.30571,D,12.817,6275,4.505,0.086,0.036,0.88379,,,0.17554,0.0274,0.03135,0.99783,0.04163631227666543,1.0698136645962733
1160,1160,8111622,15.446,sp,6.743,0.922,6.56,6.973,,,0.028,0.042,,,,8111622.0,54978.5305,15.44965,D,15.488,5603,4.541,0.159,0.315,0.6906,,,0.46949,-0.15204,0.21926,0.92373,0.26681662092156105,2.290671807800682
1162,1162,8112324,0.576,sp,0.572,0.677,,,,,,,,,,8112324.0,54964.926,0.57584,SD,14.563,5257,4.356,0.123,0.025,0.36008,,,0.51589,0.22944,0.04507,0.94133,0.23382476023723409,1.006993006993007
1166,1166,8128965,7.14,sp,7.234,0.926,7.155,7.394,,,0.063,0.061,,,,8128965.0,54971.00806,7.13977,D,13.232,5683,4.17,0.12,0.243,0.53583,,,0.16851,-0.02897,0.06192,0.99415,0.06836188484821056,0.9870058059165053
1171,1171,8145789,1.671,sp,1.655,0.933,1.667,1.671,,,0.135,0.123,,,,8145789.0,55000.04151,1.6707,D,15.314,4829,4.238,0.11,0.28,0.94678,,,0.2294,0.15667,-0.01105,0.98121,0.1570591971200668,1.0096676737160122
1173,1173,8155368,0.719,sp,0.715,0.381,0.716,0.72,,,0.026,0.039,,,,8155368.0,54967.04876,0.71868,SD,15.121,5525,4.493,0.123,0.106,0.86667,,,0.46432,0.09717,0.00018,0.99876,0.09717016671797987,1.0055944055944055
1179,1179,8179747,17.946,sp,15.162,1.055,14.954,16.168,,,0.083,0.061,,,,8179747.0,54969.9458,17.94902,D,14.933,5040,4.178,0.146,0.205,0.85194,,,-0.01595,-0.50911,0.36974,0.98252,0.6292063729016101,1.183616937079541
1186,1186,8195877,1.51,sp,1.512,1.522,1.487,1.49,1.51,1.523,0.091,0.256,0.023,0.033,,8195877.0,54965.71643,1.50999,D,13.441,5821,4.207,0.131,0.155,0.8256,,,0.24926,-0.45012,0.43465,0.97569,0.6257224919243354,0.9986772486772487
1199,1199,8229048,5.479,sp,5.824,0.191,6.256,6.388,,,0.027,0.009,0.01,0.01,,8229048.0,54970.40881,5.47911,D,13.636,6253,4.481,0.109,0.148,0.70306,,,0.10085,0.07709,0.047,0.9904,0.09028769628249467,0.9407623626373627
1200,1200,8230809,4.078,sp,4.025,1.164,,,,,,,,,,8230809.0,54973.32061,8.15833,D,14.936,5618,4.482,0.13,0.374,1.02552,,,0.02924,-0.57009,0.08673,0.99845,0.5766495478191238,1.013167701863354
1201,1201,8231877,2.616,sp,2.616,0.823,2.614,2.62,,,0.108,0.115,,,,8231877.0,54975.2383,2.61575,D,14.932,4956,4.384,0.109,0.035,0.94034,,,0.14517,0.17529,-0.0082,0.98915,0.17548169163761784,1.0
1208,1208,8242681,4.021,sp,3.964,1.205,3.933,3.979,,,0.219,0.082,,,,8242681.0,54966.64,4.02004,SD,15.472,5961,4.481,0.176,0.244,0.91088,,,0.30985,0.246,0.02513,0.99364,0.24728023960680723,1.0143794147325933
1221,1221,8279765,2.758,sp,2.738,1.562,2.732,2.755,,,0.219,0.456,,,,8279765.0,54965.47333,2.75783,D,15.235,5464,4.509,0.112,0.023,1.06257,,,0.04132,-0.72968,0.40284,0.99691,0.8334944318950187,1.0073046018991965
1223,1223,8285254,7.536,sp,7.479,1.428,7.419,7.527,,,0.195,0.23,,,,8285254.0,54970.78589,7.53524,D,15.398,4888,4.734,0.083,0.126,0.52571,,,0.23728,-0.00239,0.36962,1.01972,0.36962772690911594,1.0076213397513036
1227,1227,8288719,1.51,sp,1.512,1.284,1.509,1.512,,,0.393,0.193,,,,8288719.0,54972.7444,1.51007,D,13.276,5090,4.357,0.068,0.076,0.94438,,,0.22038,-0.08193,-0.32344,0.99843,0.33365544877912606,0.9986772486772487
1230,1230,8296467,10.303,sp,9.297,0.85,9.242,9.477,,,0.094,0.107,,,,8296467.0,54970.17175,10.3035,D,15.177,5316,4.433,0.128,0.115,0.79478,,,0.08689,0.06362,0.08721,1.00062,0.1079494719764761,1.1082069484780037
1232,1232,8301013,4.428,sp,4.352,0.371,4.245,4.314,,,0.01,0.012,0.008,0.008,,8301013.0,54966.1684,4.42786,D,13.3,6479,4.177,0.136,0.008,0.93853,,,0.17039,0.00924,0.03477,0.99903,0.03597680502768416,1.0174632352941175
1233,1233,8302455,4.884,sp,4.924,0.881,,,,,,,,,,8302455.0,54987.1094,4.88329,D,11.535,5797,3.867,0.086,0.002,0.75715,,,0.19502,-0.5593,0.47148,0.97991,0.7315120507551466,0.991876523151909
1236,1236,8312222,12.823,sp,12.873,0.387,12.82,13.187,,,0.047,0.149,,,,8312222.0,54969.1766,12.8266,D,15.626,5726,4.57,0.166,0.021,0.86976,,,0.04551,-0.3001,-0.39822,0.99793,0.4986373215073256,0.9961159014992621
1239,1239,8316503,5.065,sp,4.986,0.187,5.066,5.158,,,0.045,0.026,0.005,0.005,,8316503.0,54967.98199,5.06457,D,13.955,6103,4.238,0.154,0.506,0.63679,,,0.16041,0.03622,0.07741,0.99318,0.08546459208350556,1.0158443642198156
1244,1244,8345358,9.381,sp,11.872,1.192,11.905,12.078,,,0.242,0.108,,,,8345358.0,55003.08302,9.38058,D,15.435,5656,4.663,0.112,0.055,0.75574,,,0.09917,0.16693,-0.02787,0.99953,0.16924054419671428,0.7901785714285715
1247,1247,8364119,7.736,sp,9.032,1.236,8.954,9.175,,,0.15,0.082,,,,8364119.0,54970.99029,7.73539,D,12.408,5443,4.713,0.042,0.151,0.88278,,,0.08788,0.05304,0.16655,1.00042,0.17479171633690196,0.8565101860053144
1248,1248,8364969,22.572,sp,8.01,1.281,7.672,8.027,8.936,9.184,0.068,0.045,0.053,0.017,,8364969.0,54978.0279,22.57369,D,15.45,5431,4.415,0.146,0.275,0.86443,,,0.02115,-0.46027,-0.29492,1.00475,0.5466500519528009,2.8179775280898878
1250,1250,8374499,5.252,sp,5.619,0.407,6.044,6.269,,,0.052,0.02,0.007,0.007,,8374499.0,54969.743,5.2534,D,14.912,5871,4.69,0.128,0.327,0.65477,,,0.16249,0.03887,0.03634,0.99592,0.05321158238579266,0.9346858871685353
1254,1254,8379547,6.042,sp,6.028,1.228,,,,,,,,,,8379547.0,54959.1632,6.04241,D,13.373,4861,3.871,0.111,0.046,0.8516,,,0.14407,-0.18228,0.39529,0.99492,0.4352932143969166,1.002322495023225
1262,1262,8411947,1.798,sp,1.778,0.343,1.767,1.807,,,0.055,0.075,,,,8411947.0,55003.7853,1.79768,D,15.3,5086,4.516,0.101,0.153,0.91656,,,0.20149,-0.29844,0.40347,1.00377,0.5018510481208542,1.0112485939257594
1265,1265,8415863,27.534,sp,27.647,1.236,,,,,,,,,,8415863.0,54980.2344,27.53255,D,12.921,,,,0.008,0.80726,,,0.0608,0.51518,0.08558,0.99733,0.5222397617952887,0.9959127572611857
1269,1269,8429817,6.263,sp,5.824,1.175,5.667,5.858,6.276,6.356,0.036,0.115,0.036,0.012,,8429817.0,54974.15924,6.26479,D,13.952,5971,4.248,0.132,0.093,0.47558,,,0.46688,-0.05682,-0.28185,0.9958,0.28752032084706636,1.0753777472527473
1277,1277,8444552,1.178,sp,1.165,0.75,,,,,,,,,,8444552.0,54964.59723,1.17804,D,13.643,5388,4.486,0.085,0.08,0.97415,,,0.29139,0.02625,0.00503,0.96503,0.026727577518361065,1.0111587982832617
1283,1283,8458207,3.53,sp,3.617,1.432,3.616,3.702,,,0.059,0.062,,,,8458207.0,54996.01554,3.53004,D,13.924,5937,4.226,0.153,0.088,0.49449,,,0.16568,-0.24583,0.49322,0.98057,0.5510883389258023,0.9759469173348078
1284,1284,8460600,6.352,sp,8.582,1.479,,,,,,,,,,8460600.0,54967.20685,6.35149,D,14.933,4947,4.549,0.103,0.848,0.5249,,,0.10589,-0.16503,-0.47974,0.99356,0.507331615908175,0.7401538103006292
1286,1286,8479107,0.768,sp,0.776,0.879,0.765,0.767,,,0.114,0.318,,,,8479107.0,55002.43209,0.76761,D,14.952,5046,4.522,0.093,0.224,0.95124,,,0.19664,-0.33599,0.5181,0.99928,0.6175086154054856,0.9896907216494846
1287,1287,8479386,11.721,sp,11.443,0.174,11.922,12.801,,,0.01,0.008,0.012,0.012,,8479386.0,54997.15938,11.73739,D,13.955,5979,4.293,0.113,0.01,0.88019,,,0.11249,-0.0067,0.0289,1.00503,0.029666479400158017,1.024294328410382
1302,1302,8543278,7.549,sp,8.889,1.345,8.603,9.108,,,0.063,0.086,,,,8543278.0,54998.1978,7.5445,D,14.608,4950,4.749,0.065,0.3,0.41752,,,0.05495,-0.04423,0.47521,0.97628,0.4772639070786728,0.8492518843514457
1304,1304,8552540,1.062,sp,1.063,0.925,1.059,1.062,1.079,1.085,0.076,0.069,0.053,0.023,,8552540.0,55002.95834,1.06191,D,10.292,5749,4.439,0.028,0.004,0.72347,,,0.41229,-0.02959,0.01508,0.9855,0.03321105990479677,0.9990592662276577
1312,1312,8559863,22.47,sp,44.443,0.985,38.881,43.625,,,0.04,0.058,,,,8559863.0,54953.8169,22.4743,D,12.723,5154,4.767,0.038,0.008,0.9058,,,0.06677,0.06985,0.00134,0.99778,0.0698628520746183,0.505591431721531
1324,1324,8580438,6.496,sp,7.581,1.245,7.55,7.736,,,0.128,0.097,,,,8580438.0,55000.94688,6.49531,D,14.502,5307,4.349,0.125,0.209,0.73373,,,0.13355,-0.04895,-0.38767,0.99383,0.3907481687737001,0.8568790397045245
1325,1325,8581658,3.482,sp,3.801,0.586,,,,,,,,,,8581658.0,55002.00084,3.48153,D,13.396,5970,4.197,0.132,0.06,0.65671,,,0.20408,0.02661,0.03061,0.99534,0.040559391021069334,0.9160747171796896
1329,1329,8590527,0.74,sp,0.736,0.898,0.737,0.738,0.74,0.741,0.166,0.08,0.183,0.056,,8590527.0,54996.03588,0.73971,D,11.634,6216,3.943,0.104,0.019,0.39985,,,0.45697,-0.05409,0.0005,0.98074,0.0540923109138443,1.0054347826086956
1331,1331,8604993,6.57,sp,6.457,1.242,6.44,6.57,,,0.185,0.12,,,,8604993.0,54967.02094,6.57065,D,15.299,5576,4.487,0.117,0.464,0.56745,,,0.07311,-0.21429,0.49226,0.99373,0.536879978859335,1.0175003871767074
1336,1336,8616873,0.576,sp,0.572,0.736,0.576,0.576,,,0.115,0.325,,,,8616873.0,55002.24811,0.57604,D,15.237,5486,4.707,0.109,0.456,0.73465,,,0.3947,0.13843,0.00048,0.99549,0.13843083218705288,1.006993006993007
1337,1337,8618226,5.882,sp,6.028,1.057,5.956,6.205,,,0.058,0.042,,,,8618226.0,55000.05702,5.87889,D,13.781,5796,4.34,0.108,0.029,0.50347,,,0.1128,-0.00321,0.04432,0.9944,0.044436094562866346,0.9757796947577969
1339,1339,8621026,4.059,sp,4.087,0.07,4.732,4.855,,,0.045,0.018,0.023,0.023,b,8621026.0,55002.71571,4.05927,D,13.374,6375,4.279,0.121,0.009,0.64848,,,0.20805,0.0297,0.0328,0.99431,0.04424850279952984,0.9931490090530953
1368,1368,8719897,3.151,sp,3.126,0.781,3.104,3.112,,,0.09,0.227,,,,8719897.0,54955.234,3.15138,D,12.392,4905,3.053,0.177,0.023,0.56883,,,0.27582,-0.11204,-0.0828,0.98472,0.13931547509160638,1.0079974408189378
1371,1371,8736245,5.069,sp,5.068,1.107,4.94,5.06,5.837,5.868,0.062,0.073,0.029,0.079,,8736245.0,54969.01788,5.07049,D,13.798,5594,4.564,0.08,0.071,0.7032,,,0.13366,-0.08577,-0.29373,0.98709,0.3059964146848783,1.000197316495659
1374,1374,8746310,6.856,sp,8.5,1.084,8.325,8.722,,,0.054,0.055,,,,8746310.0,54975.88079,6.87396,D,14.767,5848,4.478,0.127,0.477,0.79822,,,0.07681,-0.05413,0.43388,0.99492,0.43724353774527075,0.8065882352941176
1379,1379,8784288,3.655,sp,3.678,0.642,3.713,3.742,,,0.125,0.046,,,,8784288.0,54965.2669,3.65466,D,13.661,5712,3.872,0.181,0.083,0.80807,,,0.1738,0.03602,0.03323,0.9983,0.04900686992657254,0.9937466014138118
1391,1391,8848104,0.825,sp,0.817,1.223,0.823,0.826,,,0.145,0.128,,,,8848104.0,54972.04998,0.82481,D,12.372,5447,4.075,0.087,0.324,0.50667,,,0.4492,-0.01221,0.01562,0.96792,0.01982595521027928,1.0097919216646267
1392,1392,8848271,9.992,sp,13.977,0.872,13.575,14.377,14.79,15.733,0.069,0.04,0.021,0.025,,8848271.0,55000.42355,9.99125,D,14.039,5627,4.331,0.131,0.024,0.83644,,,0.07118,0.04384,-0.56142,0.9982,0.563129081117287,0.714888745796666
1400,1400,8879427,16.313,sp,9.706,1.322,9.571,9.968,,,0.091,0.147,,,,8879427.0,54969.8525,16.31421,D,14.524,5715,4.445,0.118,0.082,0.80563,,,0.14201,-0.23338,0.14962,0.98256,0.2772225979244838,1.6807129610550176
1401,1401,8879915,3.443,sp,3.78,1.241,,,,,,,,,,8879915.0,54968.9755,3.44182,D,15.187,5698,4.367,0.145,0.14,0.80785,,,0.16924,0.07498,-0.09087,0.99776,0.11781068415046235,0.9108465608465609
1408,1408,8906676,8.21,sp,16.081,0.259,15.442,16.273,,,0.01,0.006,0.009,0.009,,8906676.0,54967.0648,8.21133,D,12.121,,,,0.023,0.70593,,,0.09249,0.09687,0.06139,0.99515,0.11468447584568715,0.5105403892792737
1412,1412,8938628,6.862,sp,20.413,0.437,19.304,21.993,23.095,27.783,0.029,0.017,0.011,0.007,,8938628.0,55007.78019,6.862,D,13.681,5602,4.294,0.098,0.017,0.84592,,,0.08156,0.0143,0.00992,0.99241,0.017403919098869656,0.3361583304756773
1413,1413,8939650,3.655,sp,3.617,1.233,3.578,3.604,,,0.173,0.101,,,,8939650.0,55007.85603,3.65525,D,14.268,6142,4.461,0.117,0.121,0.9484,,,0.12333,-0.07034,-0.40439,0.99541,0.410461919914625,1.0105059441526125
1414,1414,8940961,3.167,sp,3.106,1.071,,,,,,,,,,8940961.0,55008.12501,3.16636,D,14.932,5590,4.474,0.118,0.184,0.55578,,,0.17204,-0.25706,0.48849,0.98785,0.5519984816102306,1.019639407598197
1417,1417,8953059,5.5,sp,5.333,1.217,5.23,5.443,,,0.057,0.101,,,,8953059.0,54969.8693,5.49984,D,15.48,6217,4.505,0.167,0.138,0.73994,,,0.15517,-0.44532,-0.45367,0.9849,0.6357093449840108,1.0313144571535722
1418,1418,8953257,3.222,sp,3.188,1.264,3.158,3.194,,,0.113,0.177,,,,8953257.0,54965.9205,3.22184,D,14.601,6001,4.411,0.139,0.14,0.9244,,,0.18595,-0.0341,0.38624,0.97954,0.38774237271673057,1.0106649937264742
1420,1420,8953426,5.332,sp,5.272,0.447,5.116,5.443,,,0.055,0.052,,,,8953426.0,54953.9555,5.33113,D,12.156,5987,4.351,0.07,0.018,0.82971,,,0.16278,-0.27,-0.45259,0.99459,0.5270082618896975,1.011380880121396
1422,1422,8957954,4.36,sp,4.393,0.788,4.253,4.339,4.739,4.763,0.026,0.084,0.084,0.075,,8957954.0,54967.30811,4.36004,D,13.96,5845,4.492,0.108,0.021,0.94139,,,0.15369,-0.00921,-0.02706,0.99765,0.028584396092973523,0.9924880491691328
1423,1423,8971432,0.624,sp,0.633,0.807,0.624,0.625,,,0.323,0.107,,,,8971432.0,55001.63498,0.62435,D,15.487,5057,4.479,0.136,0.23,0.64512,,,0.63845,-0.17399,-0.24407,0.98615,0.29973769365897246,0.985781990521327
1430,1430,8984706,10.135,sp,12.955,0.343,12.482,13.778,14.954,19.54,0.041,0.021,0.007,0.005,,8984706.0,54965.321,10.135,D,13.92,5642,4.098,0.156,0.07,0.83969,,,0.11282,0.16522,0.37488,1.00022,0.40967384929965933,0.7823234272481667
1431,1431,9001468,17.33,sp,7.295,1.233,7.274,7.441,,,0.173,0.128,,,,9001468.0,54975.7322,17.32764,D,15.2,4949,4.493,0.095,0.056,0.78478,,,0.09469,0.1677,0.04636,0.99631,0.17399005603769427,2.3755997258396158
1432,1432,9002237,4.35,sp,4.434,1.342,4.398,4.417,,,0.099,0.302,,,,9002237.0,54967.8007,4.35107,D,14.855,5772,4.598,0.106,0.015,1.0684,,,0.00488,-0.42289,-0.45445,0.99658,0.6207743185731832,0.9810554803788902
1434,1434,9005854,3.78,sp,3.719,1.479,,,,,,,,,,9005854.0,55010.04021,3.7802,D,15.569,5190,4.638,0.105,0.038,0.96222,,,0.14375,0.09382,-0.13339,0.81211,0.16307999417463812,1.0164022586716859
1437,1437,9020426,0.913,sp,0.899,0.778,0.901,0.903,0.913,0.915,0.075,0.106,0.059,0.101,,9020426.0,54965.4458,0.91336,D,14.55,5732,4.348,0.132,0.406,0.93176,,,0.46333,-0.0127,0.0106,1.0022,0.01654236984231703,1.0155728587319244
1444,1444,9029486,6.277,sp,6.968,0.91,6.776,6.899,7.149,7.208,0.174,0.057,0.117,0.078,,9029486.0,54965.32959,6.27716,D,13.63,5368,4.318,0.094,0.01,0.9522,,,0.08916,-0.01603,-0.01122,1.00078,0.019566535206826986,0.9008323765786452
1455,1455,9084778,1.184,sp,1.185,0.821,,,,,,,,,,9084778.0,55002.5573,0.59225,D,15.653,4787,4.496,0.108,0.277,0.44478,,,0.1204,0.32796,0.12954,0.99671,0.3526164675678094,0.9991561181434598
1459,1459,9098590,2.244,sp,2.227,1.119,2.211,2.216,,,0.086,0.104,,,,9098590.0,54966.7316,2.24366,SD,14.965,5846,4.536,0.144,0.031,0.54046,,,0.40224,0.00828,-0.01233,0.99289,0.014852181657924872,1.0076335877862597
1460,1460,9098810,8.258,sp,7.703,1.308,,,,,,,,,,9098810.0,54972.7618,8.25837,D,13.448,5126,4.263,0.084,0.022,0.93119,,,0.08101,0.02189,-0.14736,1.00135,0.14897698379279936,1.0720498507075165
1469,1469,9137992,1.47,sp,1.471,1.196,1.467,1.475,,,0.097,0.073,,,,9137992.0,54965.54517,2.94213,D,12.981,5471,4.239,0.077,0.057,0.90865,,,0.38346,-0.01196,-0.18258,0.99823,0.18297130376099963,0.9993201903467028
1472,1472,9143254,2.275,sp,2.268,1.243,2.265,2.271,,,0.205,0.384,,,,9143254.0,55008.894,2.27505,D,15.452,5653,4.459,0.134,0.058,0.8729,,,0.08427,-0.3251,-0.43343,0.99711,0.5418040004466559,1.0030864197530864
1491,1491,9210828,1.656,sp,1.655,1.266,1.642,1.657,,,0.261,0.107,,,,9210828.0,54977.0053,1.65627,D,13.221,4893,4.421,0.055,0.709,0.62032,,,0.25455,-0.08299,-0.03037,0.97945,0.08837237690590878,1.0006042296072506
1495,1495,9221398,13.788,sp,13.772,1.298,,,,,,,,,,9221398.0,54955.9782,13.78739,D,12.14,6420,4.209,0.093,0.004,0.69157,,,0.07839,-0.21335,0.42639,0.99682,0.47678785072608554,1.001161777519605
1502,1502,9266285,5.614,sp,33.613,0.733,32.65,33.653,,,0.067,0.106,,,,9266285.0,54965.57642,5.61381,D,14.072,4184,4.448,0.04,0.026,0.70703,,,0.1419,0.07794,0.01551,1.00052,0.07946825592650188,0.1670187129979472
1510,1510,9284741,20.729,sp,22.17,0.515,,,,,,,,,,9284741.0,54974.2299,20.73035,D,14.807,5085,4.277,0.123,0.042,0.93434,,,0.02303,-0.10778,0.3614,1.00689,0.37712927279647757,0.9350022552999547
1512,1512,9288786,1.744,sp,1.982,1.213,,,,,,,,,,9288786.0,54967.5072,1.74492,D,15.702,4197,4.574,0.068,0.095,0.56088,,,0.18377,0.01021,0.01374,0.99464,0.017118168710466668,0.8799192734611504
1514,1514,9291629,20.686,sp,20.679,1.165,,,,,,,,,,9291629.0,54966.8699,20.70393,D,13.957,4629,3.105,0.194,0.074,0.82151,,,0.16898,-0.20068,0.4058,0.99641,0.45270973305198553,1.0003385076647808
1517,1517,9328852,0.646,sp,0.654,0.741,0.645,0.646,,,0.096,0.318,,,,9328852.0,55008.15865,0.64581,D,15.33,4338,4.486,0.069,0.647,0.3605,,,0.44401,0.3134,0.01271,0.95896,0.31365762241654516,0.9877675840978594
1523,1523,9346655,0.872,sp,0.879,0.862,0.871,0.872,,,0.277,0.114,,,,9346655.0,54965.1234,0.87153,D,14.299,4183,4.556,0.04,0.047,1.05975,,,0.06857,-0.55764,-0.3513,1.0071,0.6590706028947126,0.9920364050056882
1525,1525,9353182,10.476,sp,11.77,0.496,10.494,10.712,11.387,12.536,0.027,0.015,0.017,0.018,,9353182.0,54959.05505,10.4777,D,12.421,5874,4.274,0.082,0.019,0.73671,,,0.12185,0.09439,0.04205,0.99353,0.10333283408481546,0.8900594732370435
1538,1538,9411943,3.844,sp,3.862,1.448,3.828,3.878,,,0.175,0.281,,,,9411943.0,54967.0881,3.84373,D,14.738,5656,4.293,0.15,0.249,0.84713,,,0.10959,0.0808,-0.3869,0.99688,0.39524707462548037,0.9953392024857586
1539,1539,9412462,10.187,sp,9.972,0.773,9.801,10.254,10.375,10.544,0.065,0.041,0.03,0.079,,9412462.0,54965.53033,10.18675,D,14.846,5350,4.44,0.124,0.589,0.83513,,,0.11886,-0.39079,-0.43183,1.00023,0.5824036169187139,1.0215603690332933
1547,1547,9451127,5.117,sp,5.19,1.455,,,,,,,,,,9451127.0,55003.40713,5.11709,D,15.764,5881,4.573,0.134,0.04,0.88231,,,0.2028,0.20434,-0.3933,0.9758,0.4432152136377992,0.9859344894026975
1549,1549,9468296,5.749,sp,5.967,1.48,5.837,6.036,6.258,,0.028,0.063,0.186,,,9468296.0,54999.77761,5.7501,D,15.311,4814,4.322,0.119,0.309,1.04868,,,0.21903,-0.57756,-0.41762,0.99021,0.71272857245939,0.9634657281716106
1555,1555,9474485,1.025,sp,1.022,0.762,,,,,,,,,,9474485.0,54965.2928,1.0252,D,14.884,4469,4.309,0.086,0.225,0.93832,,,0.3315,-0.12564,0.00533,1.00517,0.12575300592828786,1.0029354207436398
1567,1567,9509207,14.2,sp,24.132,1.031,23.85,24.483,,,0.16,0.306,,,,9509207.0,54997.14594,14.19912,D,13.135,,,,0.001,0.95151,,,0.08831,0.06752,0.31215,0.99876,0.31936902307518805,0.5884303000165755
1572,1572,9520700,4.274,sp,4.25,1.248,,,,,,,,,,9520700.0,55000.81846,4.27442,D,14.902,5595,4.415,0.127,0.207,0.94305,,,0.12554,-0.0591,0.3885,1.0003,0.3929695408043733,1.0056470588235293
1573,1573,9528420,4.708,sp,4.679,1.339,4.564,4.694,,,0.09,0.075,,,,9528420.0,55004.86043,4.714,D,14.417,5982,4.398,0.134,0.03,0.72598,,,0.16395,-0.44658,-0.46445,0.98232,0.6443194075146269,1.0061979055353707
1576,1576,9529856,37.482,sp,21.476,0.775,19.135,21.775,,,0.016,0.031,0.061,0.061,,9529856.0,54988.8409,37.4823,D,13.46,6176,4.155,0.133,0.004,0.35086,,,0.15177,-0.21939,-0.34418,0.99692,0.4081566421118245,1.7452970758055504
1583,1583,9540450,2.155,sp,2.125,0.225,2.125,2.137,2.151,2.178,0.084,0.037,0.008,0.013,,9540450.0,55003.38509,2.15471,D,14.146,5556,4.397,0.111,0.013,0.59705,,,0.25458,-0.01657,-0.00157,0.99308,0.016644212207250906,1.0141176470588233
1586,1586,9551200,0.712,sp,0.715,1.314,0.711,0.712,,,0.218,0.338,,,,9551200.0,54964.9135,0.7118,D,15.216,5059,4.297,0.149,0.112,1.0238,,,-0.00124,-0.72093,0.3982,1.0041,0.8235917100724119,0.9958041958041958
1588,1588,9569866,1.48,sp,1.471,1.13,1.468,1.47,1.476,1.486,0.197,0.064,0.045,0.048,,9569866.0,55003.24089,1.48028,D,13.983,5110,4.476,0.073,0.068,0.43433,,,0.3202,-0.05046,0.16074,0.9857,0.16847420930219556,1.0061182868796736
1590,1590,9576197,7.964,sp,9.113,1.499,9.028,9.094,,,0.173,0.418,,,,9576197.0,55009.00849,7.96253,D,14.641,5082,4.551,0.085,0.015,1.05036,,,-0.00993,-0.65173,-0.35287,0.99634,0.7411269997780408,0.8739163831888512
1592,1592,9579499,7.947,sp,16.061,1.405,,,,,,,,,,9579499.0,55001.96952,7.95652,D,15.791,4705,4.707,0.085,0.117,0.80498,,,0.04977,0.07566,-0.37969,0.99951,0.38715491950897385,0.49480107091712844
1601,1601,9596187,0.953,sp,0.899,0.184,,,,,,,,,,9596187.0,55002.81659,0.95279,D,14.538,5929,4.406,0.141,0.528,0.47573,,,0.32097,-0.05487,0.14613,0.99658,0.15609194021473372,1.0600667408231368
1602,1602,9597095,2.746,sp,2.738,1.006,2.723,2.758,3.098,3.11,0.05,0.032,0.026,0.015,,9597095.0,55003.14866,2.745,D,15.945,,,,0.262,0.62231,,,0.20347,0.02798,0.0347,0.97771,0.044575446155927595,1.0029218407596785
1607,1607,9632895,27.322,sp,20.577,0.775,,,,,,,,,,9632895.0,54965.42188,27.32029,D,13.552,5425,4.803,0.055,0.083,0.80776,,,0.04822,0.41744,-0.34599,0.99872,0.5421856081638464,1.327793167128347
1609,1609,9635529,4.704,sp,4.598,0.321,4.675,4.699,,,0.022,0.067,0.013,0.013,,9635529.0,55000.18853,4.70367,D,12.23,6347,4.33,0.077,0.082,0.86537,,,0.17885,-0.06144,0.02854,0.92559,0.0677451489038145,1.023053501522401
1612,1612,9637299,1.882,sp,1.9,1.132,1.864,1.883,2.002,2.006,0.165,0.069,0.021,0.067,,9637299.0,55003.38547,1.88253,D,13.68,6061,4.213,0.115,0.035,0.68592,,,0.26512,0.03727,-0.00439,0.99396,0.037527656468263504,0.9905263157894737
1618,1618,9641031,2.178,sp,2.166,1.218,2.156,2.177,,,0.191,0.068,,,,9641031.0,55002.05624,2.17817,D,9.177,5867,4.295,0.022,0.001,0.69274,,,0.24931,0.00532,-0.00746,0.99441,0.009162641540516577,1.005540166204986
1622,1622,9649222,5.919,sp,6.764,1.442,6.727,6.771,,,0.097,0.313,,,,9649222.0,55001.42864,5.9182,D,15.678,5691,4.585,0.145,0.038,0.62409,,,0.11344,0.00666,0.08628,0.99177,0.08653666275053597,0.8750739207569485
1626,1626,9655129,2.744,sp,2.738,1.515,2.683,2.691,2.75,2.758,0.06,0.125,0.371,0.12,,9655129.0,54994.20268,2.74482,D,13.805,5140,4.431,0.08,0.035,0.7782,,,-0.0112,-0.36985,0.42559,1.00507,0.5638402882022533,1.002191380569759
1633,1633,9664215,3.319,sp,3.31,1.633,,,,,,,,,,9664215.0,55001.45542,3.32256,D,15.101,5543,4.693,0.121,0.05,0.54691,,,0.16626,-0.40866,-0.36282,0.98453,0.5464808761521303,1.0027190332326283
1638,1638,9674608,2.972,sp,3.024,1.341,3.017,3.052,,,0.151,0.235,,,,9674608.0,54992.98332,2.97016,D,15.772,4216,4.442,0.087,0.152,0.98151,,,0.31279,-0.35881,-0.42827,1.00033,0.5587126354397223,0.9828042328042328
1642,1642,9705459,2.487,sp,2.82,1.565,2.79,2.809,,,0.198,0.114,,,,9705459.0,54964.629,4.97349,D,15.418,5658,4.359,0.147,0.217,0.79243,,,0.06404,-0.1739,-0.46768,0.99977,0.4989647205965568,0.8819148936170214
1644,1644,9711751,1.712,sp,1.676,1.218,,,,,,,,,,9711751.0,55003.01219,1.7116,D,13.788,6429,4.271,0.139,0.015,0.8813,,,0.30936,0.14059,0.00365,0.98288,0.1406373727001468,1.0214797136038187
1646,1646,9714358,6.474,sp,7.683,1.198,7.416,7.713,7.958,8.254,0.087,0.05,0.034,0.04,,9714358.0,54999.80524,6.4794,D,14.998,4825,4.548,0.089,0.595,0.67642,,,0.07293,-0.07611,-0.42508,0.99805,0.43183994546590987,0.8426395939086295
1652,1652,9724993,7.863,sp,11.341,1.239,11.036,11.529,,,0.076,0.152,,,,9724993.0,54964.6814,7.86526,D,12.524,5509,3.918,0.104,0.406,0.90282,,,0.11373,0.24257,-0.40905,1.00088,0.47556504013646755,0.693325103606384
1656,1656,9761199,1.384,sp,1.349,0.224,,,,,,,,,,9761199.0,54964.7355,1.38242,D,15.692,4060,4.404,0.068,0.303,1.01866,,,0.36858,-0.29896,-0.49586,0.99278,0.5790114171585912,1.0259451445515195
1659,1659,9762519,7.515,sp,7.847,1.176,,,,,,,,,,9762519.0,54971.08441,7.51533,D,13.711,5435,4.51,0.079,0.079,0.68912,,,0.07597,0.07566,-0.48267,0.99822,0.48856398199212353,0.957690837262648
1661,1661,9767437,0.713,sp,0.715,1.069,,,,,,,,,,9767437.0,55002.92421,0.71255,D,12.842,4770,4.464,0.042,0.023,0.62937,,,0.53593,-0.4389,0.44796,0.94338,0.627137442352153,0.9972027972027973
1664,1664,9774400,10.818,sp,10.666,0.794,,,,,,,,,,9774400.0,55002.6567,10.82251,D,13.392,5684,4.448,0.088,0.017,0.68516,,,0.26963,0.02378,0.00048,0.98886,0.02378484391371951,1.0142508906806675
1680,1680,9821078,8.429,sp,9.849,1.102,9.774,10.112,,,0.219,0.113,,,,9821078.0,54965.29395,8.42971,D,14.117,4112,4.269,0.048,0.0,0.74037,,,0.09609,0.16169,-0.00886,0.99836,0.16193256528567687,0.8558229261853996
1694,1694,9839081,2.559,sp,2.575,1.569,,,,,,,,,,9839081.0,55002.75906,2.54465,D,14.752,5700,4.572,0.123,0.325,0.94427,,,0.24218,-0.53006,-0.54516,0.98876,0.7603703237239076,0.9937864077669902
1700,1700,9847239,28.508,sp,10.993,0.93,10.811,11.905,,,0.076,0.047,,,,9847239.0,54965.79297,28.50391,D,14.876,5883,4.563,0.142,0.458,0.89918,,,0.37005,-0.43256,0.02236,0.99425,0.4331375338157616,2.5932866369507868
1705,1705,9873869,4.995,sp,5.19,0.448,5.117,5.256,5.802,,0.01,0.008,0.051,,,9873869.0,55004.15527,4.995,D,13.038,5993,4.25,0.09,0.003,0.6671,,,0.13961,0.05373,0.02266,1.00864,0.05831285021331062,0.9624277456647399
1707,1707,9881258,4.057,sp,4.005,0.891,,,,,,,,,,9881258.0,54967.8692,4.05698,D,13.281,5845,4.409,0.086,0.014,0.95928,,,0.20578,0.03362,-0.02207,0.99102,0.04021677883669949,1.0129837702871411
1727,1727,9934208,9.058,sp,12.403,1.207,12.376,12.773,,,0.174,0.125,,,,9934208.0,54970.33472,9.05979,D,15.507,4258,4.622,0.056,0.001,0.68406,,,0.08699,0.05731,-0.09204,0.99525,0.10842415644126542,0.7303071837458679
1730,1730,9940565,4.279,sp,4.495,1.164,4.202,4.249,4.843,,0.043,0.087,0.218,,,9940565.0,54965.92572,4.27836,D,14.708,4593,4.637,0.058,0.02,0.80001,,,0.01398,-0.55642,0.47771,0.99527,0.7333553439499845,0.9519466073414905
1731,1731,9941387,27.66,sp,27.013,0.931,24.586,26.846,,,0.015,0.032,,,,9941387.0,54974.2532,27.65946,D,14.706,5150,4.626,0.084,0.08,0.78952,,,0.06723,0.4624,-0.01449,0.99659,0.4626269772721863,1.0239514307925812
1732,1732,9944201,0.722,sp,0.715,0.889,,,,,,,,,,9944201.0,55002.22648,0.72155,D,15.069,4737,4.385,0.094,0.016,0.79356,,,0.31616,-0.29591,0.3981,0.9849,0.49603058181930676,1.0097902097902098
1733,1733,9944421,7.095,sp,6.518,1.505,,,,,,,,,,9944421.0,54968.37305,7.09429,D,15.137,5304,4.633,0.103,0.068,0.76746,,,0.0818,0.02734,0.46704,0.9987,0.46783954215093876,1.0885240871432955
1735,1735,9945280,1.303,sp,1.287,1.459,1.284,1.286,1.305,1.308,0.091,0.183,0.234,0.106,,9945280.0,55002.563,1.3038,D,13.879,5536,4.058,0.123,0.213,0.61969,,,0.35284,-0.45775,0.49493,0.95344,0.6741593041707575,1.0124320124320125
1745,1745,9962595,11.374,sp,10.156,1.219,,,,,,,,,,9962595.0,54975.461,11.36792,D,14.585,5118,4.549,0.094,0.209,1.05507,,,0.14895,-0.05634,-0.53425,1.00083,0.5372124887788816,1.1199291059472234
1749,1749,9966115,8.947,sp,11.116,0.242,,,,,,,,,,9966115.0,54956.09991,8.94554,D,12.985,5973,4.354,0.095,0.056,0.67673,,,0.08379,-0.0475,0.29048,0.99388,0.294338037637,0.8048758546239654
1753,1753,9971475,5.357,sp,1.962,0.609,1.98,1.992,,,0.087,0.095,,,,9971475.0,55002.13651,5.35137,D,13.166,5561,3.814,0.146,0.025,0.7279,,,0.13449,0.08624,0.03147,0.99411,0.0918024972427221,2.7303771661569827
1764,1764,10019399,11.806,sp,11.525,0.977,10.912,12.045,,,0.113,0.04,,,,10019399.0,55001.46493,11.82796,D,12.829,,,,0.002,1.02032,,,0.07241,-0.40158,-0.53961,0.99827,0.6726406533209244,1.0243817787418654
1766,1766,10020423,7.448,sp,7.765,1.478,,,,,,,,,,10020423.0,54970.6992,7.44647,D,15.178,5673,4.682,0.126,0.023,1.06781,,,0.05217,-0.69735,-0.36878,0.99817,0.7888572183228091,0.9591757887958791
1772,1772,10031409,4.144,sp,4.046,0.082,4.046,4.216,,,0.014,0.008,0.018,0.018,,10031409.0,55003.13778,4.14608,D,13.553,5905,4.249,0.126,0.073,0.93777,,,0.12777,-0.13341,-0.40404,0.99818,0.42549565179916937,1.0242214532871972
1784,1784,10091257,3.404,sp,3.392,1.3,3.336,3.396,,,0.131,0.101,,,,10091257.0,55002.39178,3.40112,D,12.533,5630,4.46,0.063,0.002,0.96107,,,0.10788,-0.32258,-0.52585,0.99476,0.6169084850283711,1.0035377358490567
1787,1787,10095512,6.017,sp,6.539,0.28,6.845,6.893,,,0.152,0.098,,,,10095512.0,55002.00806,6.00838,D,13.053,5795,4.395,0.09,0.04,0.6461,,,0.12354,0.03866,0.06693,0.99261,0.07729308183789801,0.9201712800122344
1789,1789,10129482,0.846,sp,0.838,0.909,0.845,0.846,,,0.353,0.148,,,,10129482.0,55002.42861,0.84613,D,15.994,4558,4.626,0.087,0.016,0.72152,,,0.31922,0.07214,0.0031,0.98149,0.07220657587782431,1.009546539379475
1793,1793,10155080,3.861,sp,3.944,0.804,3.932,4.005,,,0.07,0.075,,,,10155080.0,55003.37307,3.85901,D,13.017,5830,4.452,0.082,0.034,0.52401,,,0.13218,-0.27418,0.44385,0.98382,0.5217063301321923,0.9789553752535498
1796,1796,10158418,5.007,sp,4.536,1.328,4.488,4.549,,,0.33,0.122,,,,10158418.0,54968.02368,5.00702,D,13.592,5699,4.559,0.088,0.026,0.83257,,,0.02537,-0.04562,0.43084,0.99768,0.4332485314458665,1.1038359788359788
1798,1798,10189523,1.014,sp,1.022,1.331,1.01,1.016,,,0.17,0.117,,,,10189523.0,55002.9443,1.01446,D,15.856,5002,4.538,0.108,0.006,0.4894,,,0.31724,-0.32705,0.45099,0.9951,0.557093962092572,0.9921722113502935
1802,1802,10198109,17.919,sp,21.067,0.386,,,,,,,,,,10198109.0,54979.39935,17.911,D,13.776,5592,4.026,0.121,0.048,0.80107,,,0.06127,0.49463,0.01526,1.00227,0.49486533976426356,0.8505719846204965
1805,1805,10215422,24.847,sp,25.338,0.816,24.83,27.054,,,0.243,0.084,,,,10215422.0,54987.1277,24.84714,D,14.608,5427,4.549,0.107,0.086,0.78218,,,0.05785,0.4709,0.04775,0.99944,0.47331477105621794,0.9806219906859263
1815,1815,10232123,1.344,sp,1.349,1.104,1.341,1.344,,,0.186,0.265,,,,10232123.0,55002.52797,1.34312,D,13.056,,,,0.038,0.86049,,,0.25061,-0.55706,-0.53043,0.99686,0.769202072605112,0.9962935507783545
1819,1819,10257903,0.859,sp,0.858,0.973,0.85,0.855,0.858,0.862,0.05,0.022,0.055,0.026,,10257903.0,54965.03125,0.85845,D,15.482,5761,4.357,0.132,0.063,0.38323,,,0.61417,-0.00923,0.03025,0.9877,0.031626814572447856,1.0011655011655012
1824,1824,10264202,1.035,sp,1.022,0.585,1.032,1.036,,,0.061,0.079,0.02,0.02,,10264202.0,55002.81072,1.03483,D,15.777,5207,4.654,0.113,0.003,0.7911,,,0.3015,0.01597,0.00522,0.97341,0.01680146719783722,1.0127201565557729
1827,1827,10268809,24.709,sp,20.474,0.465,,,,,,,,,,10268809.0,54972.0068,24.71564,D,13.737,5787,4.423,0.098,0.026,0.81305,,,0.03234,0.34694,-0.52467,1.00506,0.6290039526902831,1.2068477092898309
1830,1830,10274244,13.684,sp,20.209,1.093,19.454,21.802,,,0.034,0.057,,,,10274244.0,54968.2143,13.68338,D,11.544,5206,4.533,0.032,0.0,0.75487,,,0.0689,0.36363,0.02012,0.99265,0.3641862041593558,0.6771240536394676
1840,1840,10292465,1.353,sp,1.349,1.22,1.332,1.342,1.347,1.356,0.034,0.083,0.092,0.083,,10292465.0,55002.84189,1.354,D,14.956,5258,4.502,0.121,0.137,0.90975,,,0.26515,0.18708,0.01696,0.98103,0.18784719321831775,1.0029651593773166
1841,1841,10294608,3.709,sp,3.699,1.344,3.656,3.669,,,0.178,0.321,,,,10294608.0,55000.72709,3.7092,D,13.344,5603,4.419,0.09,0.17,0.50214,,,0.18804,-0.17528,0.06367,0.99777,0.18648578310423558,1.0027034333603677
1847,1847,10330495,18.06,sp,21.966,1.124,21.144,23.466,,,0.079,0.064,,,,10330495.0,54971.61426,18.06455,D,14.724,5132,4.43,0.098,0.134,0.96111,,,0.14223,-0.07153,0.39676,0.99152,0.4031563449829359,0.8221797323135754
1855,1855,10351767,0.635,sp,0.633,0.393,,,,,,,,,,10351767.0,54969.567,0.63508,D,14.539,6113,4.528,0.137,0.127,0.49917,,,0.47641,-0.15629,0.14729,0.96442,0.2147577896142536,1.0031595576619274
1862,1862,10385682,6.207,sp,6.212,0.585,6.072,6.12,6.365,6.407,0.034,0.021,0.11,0.047,,10385682.0,55003.12319,6.21303,D,15.001,5805,4.434,0.116,0.159,0.97608,,,0.15973,0.03397,-0.02663,0.99712,0.043163848299242275,0.9991951062459755
1873,1873,10422852,1.399,sp,1.41,0.577,1.377,1.387,1.411,1.429,0.038,0.049,0.046,0.059,,10422852.0,54967.96478,1.39904,D,14.855,5877,4.382,0.16,0.466,0.72196,,,0.42737,-0.22688,-0.10306,0.95018,0.24919048537213453,0.9921985815602837
1875,1875,10454401,12.181,sp,12.281,1.055,12.012,12.554,,,0.07,0.113,,,,10454401.0,54996.70843,12.18031,D,15.386,5568,4.936,0.091,0.008,0.93457,,,0.0719,0.1356,0.08942,0.9617,0.1624293581837963,0.9918573406074422
1884,1884,10483644,5.111,sp,5.824,1.074,,,,,,,,,,10483644.0,54966.3154,5.11127,D,13.985,5781,4.544,0.104,0.007,0.4676,,,0.06907,-0.19005,0.47622,0.99592,0.512742129047341,0.8775755494505494
1892,1892,10490960,5.682,sp,5.435,0.32,5.476,5.613,,,0.052,0.112,,,,10490960.0,54966.63586,5.68263,D,14.3,5787,4.286,0.144,0.133,0.83444,,,0.12557,-0.12272,0.09726,0.9973,0.15658769428023392,1.0454461821527141
1903,1903,10547685,2.777,sp,2.738,1.224,2.719,2.731,2.796,,0.31,0.098,0.124,,,10547685.0,54966.1753,2.77822,D,12.309,6165,4.157,0.097,0.007,0.72914,,,0.09016,-0.49795,0.48756,0.97987,0.6968995308507533,1.0142439737034332
1905,1905,10551346,1.428,sp,1.451,1.332,1.422,1.428,1.479,1.482,0.156,0.058,0.179,0.087,,10551346.0,54999.88678,1.42808,D,13.731,5891,4.981,0.066,0.084,0.53243,,,0.48264,0.2822,-0.314,0.98311,0.4221763138784553,0.9841488628532046
1917,1917,10599397,0.937,sp,0.94,1.364,0.935,0.936,,,0.421,0.253,,,,10599397.0,54974.2916,1.87458,D,14.546,5278,4.518,0.097,0.039,1.02429,,,0.46943,-0.25046,-0.08131,0.99555,0.2633277951527335,0.996808510638298
1918,1918,10601549,1.464,sp,1.451,1.32,1.44,1.442,,,0.343,0.123,,,,10601549.0,54995.08141,1.46369,D,13.318,5259,4.368,0.076,0.182,0.52319,,,0.26435,-0.01604,0.38173,0.97579,0.3820668455911871,1.008959338387319
1921,1921,10613718,1.176,sp,13.078,0.993,12.482,13.327,,,0.104,0.25,,,,10613718.0,54966.8214,1.17611,D,12.735,5080,4.342,0.059,0.033,0.44874,,,0.20586,-0.20689,0.49821,0.99623,0.5394596149852183,0.08992200642300045
1931,1931,10659313,15.249,sp,6.723,0.908,6.58,6.845,7.173,,0.041,0.015,0.137,,,10659313.0,54961.4099,15.25405,D,13.593,6167,4.311,0.113,0.012,0.86629,,,0.07831,-0.41205,0.25803,0.99743,0.4861735116190515,2.2681838464970996
1939,1939,10710755,4.817,sp,4.884,1.542,,,,,,,,,,10710755.0,54995.66558,4.81681,D,14.843,5564,4.484,0.104,0.05,0.8281,,,0.13671,-0.29926,-0.45895,0.99301,0.5478974813776752,0.9862817362817362
1941,1941,10711646,0.738,sp,0.736,1.104,0.737,0.738,,,0.185,0.189,,,,10711646.0,54997.14889,0.73761,D,15.787,4339,4.547,0.073,0.356,0.88398,,,0.35736,-0.20983,0.40226,0.99751,0.4536978471405832,1.002717391304348
1951,1951,10735988,1.927,sp,1.921,1.358,,,,,,,,,,10735988.0,54965.5732,1.9271,D,15.706,5016,4.521,0.124,0.252,1.04159,,,0.04089,-0.62569,0.2773,1.00578,0.6843853199039266,1.0031233732431026
1954,1954,10743597,81.195,sp,24.459,0.377,22.618,26.846,,,0.041,0.046,,,,10743597.0,54969.9204,0.81627,D,15.488,5394,4.542,0.138,0.44,0.63863,,,0.47389,-0.26359,0.00234,0.99639,0.2636003863805969,3.319636943456396
1958,1958,10753734,19.407,sp,8.889,0.685,8.654,8.788,9.014,9.326,0.129,0.042,0.121,0.097,,10753734.0,54982.8056,19.3922,D,13.564,5446,4.659,0.071,0.088,0.85292,,,0.05571,0.26605,0.48564,1.00364,0.5537407444824699,2.1832602092473845
1959,1959,10794242,7.144,sp,6.968,1.483,,,,,,,,,,10794242.0,54970.7948,7.14909,D,14.17,5459,4.389,0.102,0.04,0.8337,,,0.11859,0.03589,0.40195,0.997,0.40354912290822786,1.0252583237657864
1968,1968,10816107,2.162,sp,2.146,1.044,2.116,2.121,2.16,2.191,0.188,0.248,0.06,0.032,,10816107.0,54986.41723,2.16114,D,13.945,5646,4.173,0.136,0.079,0.77392,,,0.30292,-0.16695,0.3911,0.95063,0.425242886477834,1.0074557315936625
1983,1983,10874926,11.703,sp,16.674,0.456,14.752,17.74,18.392,22.706,0.015,0.023,0.021,0.011,,10874926.0,55001.80856,11.69219,D,15.003,5737,4.587,0.133,0.105,0.77979,,,0.03117,-0.13902,-0.46873,0.99771,0.4889114166185936,0.7018711766822598
1995,1995,10923260,7.436,sp,4.598,1.138,4.553,4.72,,,0.087,0.037,,,,10923260.0,54976.95593,14.87512,D,14.546,5970,4.518,0.126,0.071,0.81235,,,0.5083,-0.45419,0.09398,0.99361,0.46381116469960054,1.6172248803827751
2000,2000,10935310,4.129,sp,3.985,0.879,3.945,3.959,,,0.12,0.213,,,,10935310.0,54965.5802,4.12892,D,13.1,5669,4.308,0.093,0.013,0.5965,,,0.10881,0.04452,-0.35923,0.99441,0.3619782083219928,1.0361355081555834
2001,2001,10936427,14.361,sp,16.919,0.816,16.644,17.794,,,0.304,0.21,,,,10936427.0,54971.84796,14.3647,D,14.419,5082,4.608,0.084,0.41,0.41378,,,0.50598,-0.28826,-0.38036,0.95454,0.4772499944473546,0.8488090312666233
2006,2006,10965963,6.64,sp,6.437,0.658,6.225,6.64,,,0.067,0.042,,,,10965963.0,54965.78,6.64011,D,13.881,5814,4.302,0.106,0.0,0.92823,,,0.10257,-0.15426,0.25622,0.99998,0.29907329536419663,1.0315364300139815
2009,2009,10979716,10.684,sp,13.486,1.397,,,,,,,,,,10979716.0,54967.09791,10.68155,D,15.774,3932,4.605,0.05,0.316,0.87464,,,0.05211,0.20607,-0.55608,1.00423,0.59303440987855,0.7922289781996144
2010,2010,10987439,10.675,sp,13.548,0.369,13.327,14.678,,,0.179,0.092,,,,10987439.0,54971.885,10.67157,D,10.81,6182,4.095,0.061,0.008,0.84188,,,0.07691,-0.12476,0.27829,0.9976,0.3049760346322314,0.7879391792146443
2012,2012,10991989,0.974,sp,0.96,0.418,0.961,0.963,0.971,0.98,0.02,0.048,0.039,0.029,,10991989.0,54965.37195,0.97412,D,10.282,5021,2.673,0.119,0.005,0.57379,,,0.20308,-0.36407,-0.44034,0.99304,0.5713547763867911,1.0145833333333334
2013,2013,10992733,18.526,sp,15.468,0.668,15.634,15.904,,,0.118,0.267,,,,10992733.0,54977.1935,18.56672,D,15.124,5274,4.543,0.121,0.122,0.92117,,,0.06985,0.30366,0.33748,0.99418,0.4539847420343551,1.1976984742694594
2017,2017,11021252,3.269,sp,3.228,1.248,3.171,3.271,,,0.067,0.081,,,,11021252.0,54966.2601,3.26874,D,14.966,6165,4.466,0.133,0.044,0.46506,,,0.14844,-0.19164,0.48945,0.98661,0.5256302808058151,1.0127013630731103
2024,2024,11073223,11.579,sp,6.886,0.733,6.752,6.967,7.164,7.247,0.056,0.054,0.037,0.044,,11073223.0,54964.79083,11.57935,D,15.003,5800,4.352,0.128,0.104,0.86055,,,0.08697,0.29966,0.19175,0.99477,0.3557585952580766,1.6815277374382807
2025,2025,11076176,0.7,sp,0.695,0.643,,,,,,,,,,11076176.0,54967.6407,0.69998,SD,15.667,5034,4.616,0.105,0.096,0.44541,,,0.58533,-0.03759,0.11699,1.00156,0.12288070719197541,1.0071942446043165
2032,2032,11099351,2.378,sp,2.35,1.233,2.35,2.367,2.378,2.389,0.34,0.106,0.042,0.102,,11099351.0,54965.5596,2.3776,D,11.639,9353,4.099,0.172,0.006,0.64626,,,0.13463,-0.28245,-0.47156,0.99735,0.5496788481468066,1.0119148936170212
2034,2034,11124509,8.893,sp,12.342,0.862,11.522,11.905,14.508,,0.09,0.043,0.1,,,11124509.0,54968.7301,8.89327,D,14.735,5417,4.497,0.099,0.011,0.77882,,,0.07762,0.08863,0.48062,0.9985,0.48872370650501495,0.72054772322152
2036,2036,11134079,1.261,sp,1.267,1.411,1.253,1.256,1.262,1.267,0.082,0.098,0.06,0.042,,11134079.0,54965.0613,1.20281,D,14.864,5201,4.581,0.096,0.073,1.03026,,,0.15167,-0.29795,-0.54251,1.00001,0.6189436990550918,0.9952644041041832
2040,2040,11147276,3.133,sp,3.085,1.318,3.052,3.106,,,0.089,0.075,,,,11147276.0,54967.10364,3.13307,D,13.984,5656,4.479,0.104,0.083,0.72757,,,0.1014,-0.20427,0.5,0.99546,0.5401168696680376,1.0155591572123177
2041,2041,11147460,4.108,sp,4.536,0.029,0.729,0.73,0.835,0.838,0.004,0.001,0.001,0.001,b,11147460.0,54965.94788,4.10743,D,13.912,4855,3.229,0.186,0.192,0.90719,,,0.18686,-0.04103,-0.08068,0.99569,0.09051366360942419,0.9056437389770723
2046,2046,11182260,1.292,sp,1.287,1.318,1.285,1.294,,,0.413,0.186,,,,11182260.0,54968.2178,1.29198,D,13.238,4842,4.227,0.064,0.022,0.94117,,,0.47194,-0.20961,-0.41821,0.96471,0.4677990553645871,1.003885003885004
2049,2049,11193447,0.626,sp,0.633,0.713,,,,,,,,,,11193447.0,54964.6179,0.62581,SD,13.397,,,,0.038,0.83652,,,0.58514,-0.05947,0.00193,1.00268,0.059501309229293434,0.9889415481832543
2053,2053,11198723,6.84,sp,7.254,1.03,6.837,7.283,8.722,,0.037,0.028,0.069,,,11198723.0,55004.77508,6.84028,D,15.445,5714,4.669,0.137,0.117,0.86295,,,0.09015,0.03585,0.40557,0.99578,0.40715138142956114,0.9429280397022333
2055,2055,11200773,2.49,sp,2.472,0.981,2.463,2.496,,,0.11,0.072,,,,11200773.0,54965.0423,2.48945,D,13.669,5780,4.575,0.091,0.575,0.45247,,,0.15785,-0.24803,0.49816,0.98251,0.5564910300265404,1.0072815533980584
2056,2056,11228612,2.98,sp,2.963,1.018,2.946,2.953,,,0.236,0.105,,,,11228612.0,54997.20696,2.98038,D,14.647,5829,4.378,0.113,0.068,0.41385,,,0.17871,-0.15513,-0.25248,0.99343,0.29632999730030707,1.0057374282821465
2059,2059,11232745,9.634,sp,13.037,1.01,12.727,13.481,,,0.074,0.091,,,,11232745.0,54970.91846,9.63489,D,15.973,5204,4.619,0.114,0.056,0.71591,,,0.03325,0.26235,-0.44244,0.99927,0.5143740624292792,0.7389736902661656
2060,2060,11233911,4.96,sp,4.843,1.003,4.772,4.848,,,0.058,0.119,,,,11233911.0,54969.12359,4.95964,D,14.742,5193,4.534,0.091,0.02,0.76784,,,0.18829,-0.19147,-0.50051,0.99727,0.5358834024300435,1.0241585793929382
2061,2061,11234677,1.587,sp,1.594,0.375,1.584,1.588,1.609,1.63,0.027,0.08,0.025,0.014,,11234677.0,54964.99188,1.58725,D,13.296,6183,4.304,0.101,0.122,0.68585,,,0.27069,0.05132,-0.00148,0.97027,0.05134133617271759,0.9956085319949811
2062,2062,11235323,19.668,sp,23.826,0.641,,,,,,,,,,11235323.0,54965.5234,19.66517,D,13.486,5071,4.497,0.061,0.021,0.75518,,,0.16188,0.14586,-0.01979,0.99698,0.1471964119807273,0.8254847645429363
2070,2070,11250867,2.253,sp,2.227,1.022,2.208,2.22,,,0.195,0.085,,,,11250867.0,54955.6232,2.25269,D,13.387,5875,4.428,0.096,0.001,0.64491,,,0.19662,-0.15249,-0.40776,0.9954,0.43534057667531983,1.0116748989672206
2075,2075,11287726,4.738,sp,4.659,1.226,,,,,,,,,,11287726.0,54970.0694,4.73796,D,14.176,5167,4.791,0.061,0.019,0.38913,,,0.25859,-0.02961,0.02724,0.98158,0.040233937167520654,1.0169564284181156
2083,2083,11347875,3.455,sp,3.453,1.432,,,,,,,,,,11347875.0,54965.5112,3.45679,SD,13.809,4426,2.943,0.156,0.01,0.99899,,,0.16633,-0.56802,-0.46389,1.00327,0.7333762012091748,1.0005792064871126
2084,2084,11350389,1.513,sp,1.512,1.224,1.507,1.512,,,0.177,0.118,,,,11350389.0,54969.5614,1.51281,D,15.724,5124,4.506,0.125,0.222,0.55668,,,0.15765,-0.19633,-0.43031,0.98636,0.4729822036821259,1.0006613756613756
2086,2086,11358392,0.985,sp,0.981,1.413,,,,,,,,,,11358392.0,54953.58483,0.98496,D,13.548,6195,4.226,0.13,0.049,1.0097,,,0.09458,-0.36444,0.3982,0.99791,0.539796029626006,1.0040774719673802
2088,2088,11391181,8.617,sp,7.908,1.03,7.886,8.169,,,0.226,0.144,,,,11391181.0,54972.06921,8.61838,D,15.257,5218,4.492,0.106,0.066,0.4629,,,0.10512,-0.36718,0.41782,0.95492,0.5562325995480668,1.0896560445118868
2089,2089,11391667,1.084,sp,1.083,0.562,1.083,1.084,,,0.254,0.158,,,,11391667.0,54954.13196,1.0837,D,12.923,5394,4.241,0.073,0.016,0.43305,,,0.22961,-0.12388,-0.01296,0.99345,0.1245560757249521,1.0009233610341646
2098,2098,11404644,5.903,sp,5.721,1.226,5.721,5.908,,,0.12,0.04,,,,11404644.0,54969.38958,5.90221,D,15.179,5892,4.373,0.151,0.0,0.8562,,,0.23351,0.3922,0.0024,0.98181,0.3922073431235065,1.0318126201712987
2099,2099,11404698,0.59,sp,0.593,0.437,,,,,,,,,,11404698.0,54969.51337,0.59012,SD,14.854,4264,4.471,0.058,0.007,0.90689,,,0.48767,-0.33047,0.04846,0.93465,0.33400418036306073,0.9949409780775716
2102,2102,11408935,15.995,sp,15.182,0.741,15.307,16.05,,,0.107,0.044,,,,11408935.0,54980.3091,15.99506,D,15.284,5660,4.61,0.132,0.188,0.60418,,,0.09467,0.025,0.12908,0.99488,0.13147869180973776,1.053550256883151
2111,2111,11455795,1.057,sp,1.063,1.305,,,,,,,,,,11455795.0,54967.9636,1.0573,D,15.414,4477,4.43,0.085,0.298,0.38989,,,0.21348,-0.26139,0.41167,0.96485,0.48764425660516086,0.9943555973659455
2112,2112,11457191,2.298,sp,2.289,1.267,2.252,2.309,,,0.048,0.042,,,,11457191.0,54965.97161,2.29747,D,14.554,5598,4.474,0.114,0.012,0.39803,,,0.38487,-0.19982,-0.37318,0.93629,0.42330998665280745,1.003931847968545
2123,2123,11506235,20.413,sp,10.196,1.237,10.135,10.382,,,0.126,0.138,,,,11506235.0,54973.0196,20.41248,D,14.874,5676,4.487,0.122,0.08,0.80769,,,-0.00961,0.27708,0.07103,1.01996,0.28603948556099734,2.0020596312279326
2126,2126,11517719,2.496,sp,2.472,1.48,2.469,2.48,,,0.428,0.16,,,,11517719.0,54965.8376,2.49426,D,14.152,5766,4.414,0.119,0.089,0.56287,,,0.37709,-0.19605,-0.35073,0.98991,0.4018048474072955,1.0097087378640777
2128,2128,11519226,22.161,sp,5.313,0.906,5.302,5.336,,,0.098,0.092,0.06,0.06,,11519226.0,54972.9709,22.16497,D,13.034,5646,4.539,0.071,0.113,1.02113,,,0.04556,-0.2575,-0.46901,0.99784,0.5350482502541243,4.171089779785432
2130,2130,11546211,2.194,sp,2.186,1.382,,,,,,,,,,11546211.0,54966.70959,2.1945,D,15.155,3682,4.376,0.04,0.041,0.92937,,,0.22837,-0.46753,0.41445,0.97082,0.6247824448558074,1.0036596523330283
2143,2143,11616200,1.719,sp,1.716,1.392,1.697,1.7,1.782,1.788,0.148,0.269,0.064,0.04,,11616200.0,54965.21197,1.71858,D,13.51,5836,4.546,0.088,0.024,0.50848,,,0.36442,-0.01257,0.0755,0.97904,0.07653923764971793,1.0017482517482519
2153,2153,11673686,4.619,sp,4.741,1.129,4.727,4.885,,,0.043,0.069,,,,11673686.0,54957.15051,4.61849,D,11.685,5949,3.924,0.091,0.122,0.77116,,,0.20547,-0.03067,-0.39016,0.9765,0.3913636090645118,0.9742670322716727
2156,2156,11706658,1.408,sp,1.41,1.48,1.405,1.412,,,0.15,0.293,,,,11706658.0,54965.2692,1.40796,D,14.614,4409,4.523,0.055,0.043,1.0042,,,0.02063,-0.53578,-0.46552,0.99861,0.7097669186430148,0.9985815602836879
2160,2160,11724210,5.746,sp,5.721,1.258,5.695,5.722,,,0.205,0.221,,,,11724210.0,54965.0417,5.74619,D,14.737,5691,4.423,0.136,0.179,1.02747,,,0.05431,-0.32475,-0.39772,0.99505,0.5134625214170943,1.0043698654081454
2176,2176,11858541,5.674,sp,5.578,1.012,5.493,5.672,,,0.118,0.076,,,,11858541.0,54968.7534,5.6748,D,14.215,5375,4.265,0.105,0.002,0.71403,,,0.09787,-0.10469,-0.37422,0.98975,0.3885879623714559,1.0172104697024023
2180,2180,11873166,1.469,sp,1.451,1.181,,,,,,,,,,11873166.0,54965.66681,1.46866,D,13.47,5902,4.597,0.086,0.039,1.04153,,,0.12146,-0.49887,-0.35201,0.99672,0.6105590200791402,1.0124052377670572
2189,2189,11922782,3.513,sp,3.617,1.108,3.476,3.511,4.031,,0.18,0.055,0.096,,,11922782.0,54966.79034,3.51276,D,10.46,5581,4.271,0.033,0.0,0.8138,,,0.21967,0.09164,-0.01733,0.9945,0.09326424019955344,0.9712468896875863
2196,2196,11967004,1.942,sp,1.921,0.634,1.906,1.923,1.941,,0.038,0.055,0.043,,,11967004.0,54966.11359,1.94145,D,13.898,6279,4.414,0.122,0.031,0.50727,,,0.24175,0.00251,-0.06955,0.97687,0.0695952771386105,1.0109318063508588
2197,2197,11968490,1.079,sp,1.083,0.967,1.075,1.079,,,0.151,0.12,,,,11968490.0,54971.90881,1.07885,D,13.698,,,,0.005,0.83334,,,0.36674,-0.21218,0.04982,0.95718,0.21795041821478572,0.9963065558633426
2201,2201,11975363,3.518,sp,3.494,1.267,,,,,,,,,,11975363.0,54967.4146,3.51778,D,15.409,5482,4.449,0.147,0.313,0.99183,,,0.14086,-0.11109,0.27961,1.00077,0.3008699722471487,1.006868918145392
2202,2202,12004679,5.042,sp,5.272,0.153,5.634,5.849,,,0.029,0.019,0.012,0.012,,12004679.0,54955.7717,5.04262,D,13.231,5432,4.49,0.066,0.003,0.93356,,,0.1105,0.10309,-0.00043,1.00115,0.10309089678531272,0.9563732928679817
2204,2204,12010534,2.582,sp,2.575,1.459,2.53,2.536,2.595,,0.187,0.125,0.215,,,12010534.0,54965.9485,2.58139,SD,15.35,5490,4.416,0.13,0.105,0.98789,,,0.20195,-0.38322,0.38895,1.01154,0.5460216762180784,1.0027184466019416
2205,2205,12013615,8.203,sp,9.154,0.441,9.361,9.565,,,0.148,0.112,,,,12013615.0,54971.5073,8.20402,D,13.878,5778,4.066,0.131,0.01,0.91855,,,0.11046,0.01423,0.08984,0.99996,0.09095998295954107,0.896110989731265
2247,2247,12351927,10.116,sp,13.159,1.142,12.962,13.277,,,0.12,0.126,,,,12351927.0,54972.9823,10.11468,D,15.52,4641,4.727,0.073,0.109,0.6471,,,0.06023,0.45496,0.008,1.00403,0.45503033041765467,0.76875142488031
2250,2250,12356746,1.005,sp,1.001,1.005,1.001,1.007,,,0.215,0.093,,,,12356746.0,54967.4334,1.00492,D,13.532,5882,4.491,0.09,0.014,0.96892,,,0.18299,-0.39892,-0.35941,0.97999,0.5369475900867794,1.003996003996004
2252,2252,12365000,1.263,sp,1.267,1.585,1.257,1.264,,,0.34,0.239,,,,12365000.0,54986.66083,1.26227,D,13.573,5080,3.603,0.142,0.012,0.9077,,,0.07491,-0.47881,-0.463,0.9919,0.666054063946764,0.9968429360694554
2253,2253,12367310,8.627,sp,8.541,1.272,8.441,8.775,,,0.129,0.07,,,,12367310.0,54972.9938,8.62654,D,13.835,4965,3.472,0.159,0.084,0.83224,,,0.11186,0.24218,-0.40543,1.00292,0.47225484359612446,1.0100690785622293
2254,2254,12367464,1.853,sp,1.88,1.36,1.856,1.886,1.898,1.904,0.039,0.051,0.02,0.038,,12367464.0,55002.31919,1.85318,D,13.085,,,,0.006,0.97523,,,0.1665,-0.2848,0.39745,0.98834,0.4889555629093507,0.9856382978723405
2255,2255,12400729,0.932,sp,0.94,1.273,0.928,0.935,,,0.085,0.086,,,,12400729.0,54965.48767,0.9316,D,15.227,4949,4.523,0.095,0.134,0.99528,,,0.33607,-0.36099,-0.47307,0.98816,0.5950705882498311,0.9914893617021278
2259,2259,12418662,2.752,sp,2.738,1.387,2.735,2.753,,,0.122,0.312,,,,12418662.0,54967.31372,2.75128,D,15.311,5280,4.5,0.126,0.189,1.04567,,,0.09801,-0.61986,0.39164,0.98865,0.7332177774713321,1.0051132213294374
2260,2260,12418816,1.522,sp,1.512,1.5,,,,,,,,,,12418816.0,54965.39355,1.52207,D,12.402,4583,4.491,0.029,0.01,0.84174,,,0.21782,-0.29688,0.18364,1.00099,0.3490864993092686,1.0066137566137565
2265,2265,12470530,8.207,sp,6.396,1.277,6.254,6.353,6.529,,0.057,0.048,0.202,,,12470530.0,54968.8267,8.20588,D,15.3,4725,4.392,0.105,0.208,0.7441,,,0.07792,-0.06103,0.19425,1.00004,0.20361169760109563,1.2831457160725455
2268,2268,12506351,2.456,sp,2.411,1.477,2.378,2.383,,,0.257,0.114,,,,12506351.0,54958.1963,2.45538,D,13.184,5949,4.418,0.085,0.091,0.48058,,,0.17309,-0.43161,-0.3299,0.9988,0.5432505886789264,1.0186644545831605
2272,2272,12557713,7.215,sp,8.173,1.631,8.116,8.281,,,0.38,0.14,,,,12557713.0,54965.4984,7.21454,D,14.853,4594,4.49,0.073,0.437,1.00782,,,-0.00258,-0.67758,0.3834,0.99905,0.7785308063268915,0.8827847791508626
2273,2273,12599700,1.018,sp,1.022,1.409,1.017,1.018,,,0.253,0.576,,,,12599700.0,54968.3156,1.01805,D,15.784,3887,4.333,0.065,0.077,1.05389,,,-0.00437,-0.73076,-0.51695,1.00909,0.89512428192961,0.9960861056751468
